Date,Time,SSA_Site,SSA_Day_of_Year,SSA_Day_of_Year(Fraction),Single_Scattering_Albedo[440nm],Single_Scattering_Albedo[675nm],Single_Scattering_Albedo[870nm],Single_Scattering_Albedo[1020nm],SSA_Average_Solar_Zenith_Angles_for_Flux_Calculation(Degrees),SSA_Solar_Zenith_Angle_for_Measurement_Start(Degrees),SSA_Sky_Residual(%),SSA_Sun_Residual(%),SSA_Coincident_AOD440nm,SSA_Scattering_Angle_Bin_3.2_to_<6_degrees[440nm],SSA_Scattering_Angle_Bin_6_to_<30_degrees[440nm],SSA_Scattering_Angle_Bin_30_to_<80_degrees[440nm],SSA_Scattering_Angle_Bin_80_degrees_and_over[440nm],SSA_Scattering_Angle_Bin_3.2_to_<6_degrees[675nm],SSA_Scattering_Angle_Bin_6_to_<30_degrees[675nm],SSA_Scattering_Angle_Bin_30_to_<80_degrees[675nm],SSA_Scattering_Angle_Bin_80_degrees_and_over[675nm],SSA_Scattering_Angle_Bin_3.2_to_<6_degrees[870nm],SSA_Scattering_Angle_Bin_6_to_<30_degrees[870nm],SSA_Scattering_Angle_Bin_30_to_<80_degrees[870nm],SSA_Scattering_Angle_Bin_80_degrees_and_over[870nm],SSA_Scattering_Angle_Bin_3.2_to_<6_degrees[1020nm],SSA_Scattering_Angle_Bin_6_to_<30_degrees[1020nm],SSA_Scattering_Angle_Bin_30_to_<80_degrees[1020nm],SSA_Scattering_Angle_Bin_80_degrees_and_over[1020nm],SSA_Surface_Albedo[440m],SSA_Surface_Albedo[675m],SSA_Surface_Albedo[870m],SSA_Surface_Albedo[1020m],SSA_If_Retrieval_is_L2(without_L2_0.4_AOD_440_threshold),SSA_If_AOD_is_L2,SSA_Last_Processing_Date(dd:mm:yyyy),SSA_Last_Processing_Time(hh:mm:ss),SSA_Instrument_Number,SSA_Latitude(Degrees),SSA_Longitude(Degrees),SSA_Elevation(m),SSA_Inversion_Data_Quality_Level,SSA_Retrieval_Measurement_Scan_Type,RIN_Site,RIN_Day_of_Year,RIN_Day_of_Year(Fraction),RIN_Refractive_Index-Real_Part[440nm],RIN_Refractive_Index-Real_Part[675nm],RIN_Refractive_Index-Real_Part[870nm],RIN_Refractive_Index-Real_Part[1020nm],RIN_Refractive_Index-Imaginary_Part[440nm],RIN_Refractive_Index-Imaginary_Part[675nm],RIN_Refractive_Index-Imaginary_Part[870nm],RIN_Refractive_Index-Imaginary_Part[1020nm],RIN_Average_Solar_Zenith_Angles_for_Flux_Calculation(Degrees),RIN_Solar_Zenith_Angle_for_Measurement_Start(Degrees),RIN_Sky_Residual(%),RIN_Sun_Residual(%),RIN_Coincident_AOD440nm,RIN_Scattering_Angle_Bin_3.2_to_<6_degrees[440nm],RIN_Scattering_Angle_Bin_6_to_<30_degrees[440nm],RIN_Scattering_Angle_Bin_30_to_<80_degrees[440nm],RIN_Scattering_Angle_Bin_80_degrees_and_over[440nm],RIN_Scattering_Angle_Bin_3.2_to_<6_degrees[675nm],RIN_Scattering_Angle_Bin_6_to_<30_degrees[675nm],RIN_Scattering_Angle_Bin_30_to_<80_degrees[675nm],RIN_Scattering_Angle_Bin_80_degrees_and_over[675nm],RIN_Scattering_Angle_Bin_3.2_to_<6_degrees[870nm],RIN_Scattering_Angle_Bin_6_to_<30_degrees[870nm],RIN_Scattering_Angle_Bin_30_to_<80_degrees[870nm],RIN_Scattering_Angle_Bin_80_degrees_and_over[870nm],RIN_Scattering_Angle_Bin_3.2_to_<6_degrees[1020nm],RIN_Scattering_Angle_Bin_6_to_<30_degrees[1020nm],RIN_Scattering_Angle_Bin_30_to_<80_degrees[1020nm],RIN_Scattering_Angle_Bin_80_degrees_and_over[1020nm],RIN_Surface_Albedo[440m],RIN_Surface_Albedo[675m],RIN_Surface_Albedo[870m],RIN_Surface_Albedo[1020m],RIN_If_Retrieval_is_L2(without_L2_0.4_AOD_440_threshold),RIN_If_AOD_is_L2,RIN_Last_Processing_Date(dd:mm:yyyy),RIN_Last_Processing_Time(hh:mm:ss),RIN_Instrument_Number,RIN_Latitude(Degrees),RIN_Longitude(Degrees),RIN_Elevation(m),RIN_Inversion_Data_Quality_Level,RIN_Retrieval_Measurement_Scan_Type,CAD_Site,CAD_Day_of_Year,CAD_Day_of_Year(Fraction),CAD_AOD_Coincident_Input[440nm],CAD_AOD_Coincident_Input[675nm],CAD_AOD_Coincident_Input[870nm],CAD_AOD_Coincident_Input[1020nm],CAD_Angstrom_Exponent_440-870nm_from_Coincident_Input_AOD,CAD_Average_Solar_Zenith_Angles_for_Flux_Calculation(Degrees),CAD_Solar_Zenith_Angle_for_Measurement_Start(Degrees),CAD_Sky_Residual(%),CAD_Sun_Residual(%),CAD_Coincident_AOD440nm,CAD_Scattering_Angle_Bin_3.2_to_<6_degrees[440nm],CAD_Scattering_Angle_Bin_6_to_<30_degrees[440nm],CAD_Scattering_Angle_Bin_30_to_<80_degrees[440nm],CAD_Scattering_Angle_Bin_80_degrees_and_over[440nm],CAD_Scattering_Angle_Bin_3.2_to_<6_degrees[675nm],CAD_Scattering_Angle_Bin_6_to_<30_degrees[675nm],CAD_Scattering_Angle_Bin_30_to_<80_degrees[675nm],CAD_Scattering_Angle_Bin_80_degrees_and_over[675nm],CAD_Scattering_Angle_Bin_3.2_to_<6_degrees[870nm],CAD_Scattering_Angle_Bin_6_to_<30_degrees[870nm],CAD_Scattering_Angle_Bin_30_to_<80_degrees[870nm],CAD_Scattering_Angle_Bin_80_degrees_and_over[870nm],CAD_Scattering_Angle_Bin_3.2_to_<6_degrees[1020nm],CAD_Scattering_Angle_Bin_6_to_<30_degrees[1020nm],CAD_Scattering_Angle_Bin_30_to_<80_degrees[1020nm],CAD_Scattering_Angle_Bin_80_degrees_and_over[1020nm],CAD_Surface_Albedo[440m],CAD_Surface_Albedo[675m],CAD_Surface_Albedo[870m],CAD_Surface_Albedo[1020m],CAD_If_Retrieval_is_L2(without_L2_0.4_AOD_440_threshold),CAD_If_AOD_is_L2,CAD_Last_Processing_Date(dd:mm:yyyy),CAD_Last_Processing_Time(hh:mm:ss),CAD_Instrument_Number,CAD_Latitude(Degrees),CAD_Longitude(Degrees),CAD_Elevation(m),CAD_Inversion_Data_Quality_Level,CAD_Retrieval_Measurement_Scan_Type,AOD_Site,AOD_Day_of_Year,AOD_Day_of_Year(Fraction),AOD_Extinction-Total[440nm],AOD_Extinction-Total[675nm],AOD_Extinction-Total[870nm],AOD_Extinction-Total[1020nm],AOD_Extinction-Fine[440nm],AOD_Extinction-Fine[675nm],AOD_Extinction-Fine[870nm],AOD_Extinction-Fine[1020nm],AOD_Extinction-Coarse[440nm],AOD_Extinction-Coarse[675nm],AOD_Extinction-Coarse[870nm],AOD_Extinction-Coarse[1020nm],AOD_Extinction_Angstrom_Exponent_440-870nm-Total,AOD_Average_Solar_Zenith_Angles_for_Flux_Calculation(Degrees),AOD_Solar_Zenith_Angle_for_Measurement_Start(Degrees),AOD_Sky_Residual(%),AOD_Sun_Residual(%),AOD_Coincident_AOD440nm,AOD_Scattering_Angle_Bin_3.2_to_<6_degrees[440nm],AOD_Scattering_Angle_Bin_6_to_<30_degrees[440nm],AOD_Scattering_Angle_Bin_30_to_<80_degrees[440nm],AOD_Scattering_Angle_Bin_80_degrees_and_over[440nm],AOD_Scattering_Angle_Bin_3.2_to_<6_degrees[675nm],AOD_Scattering_Angle_Bin_6_to_<30_degrees[675nm],AOD_Scattering_Angle_Bin_30_to_<80_degrees[675nm],AOD_Scattering_Angle_Bin_80_degrees_and_over[675nm],AOD_Scattering_Angle_Bin_3.2_to_<6_degrees[870nm],AOD_Scattering_Angle_Bin_6_to_<30_degrees[870nm],AOD_Scattering_Angle_Bin_30_to_<80_degrees[870nm],AOD_Scattering_Angle_Bin_80_degrees_and_over[870nm],AOD_Scattering_Angle_Bin_3.2_to_<6_degrees[1020nm],AOD_Scattering_Angle_Bin_6_to_<30_degrees[1020nm],AOD_Scattering_Angle_Bin_30_to_<80_degrees[1020nm],AOD_Scattering_Angle_Bin_80_degrees_and_over[1020nm],AOD_Surface_Albedo[440m],AOD_Surface_Albedo[675m],AOD_Surface_Albedo[870m],AOD_Surface_Albedo[1020m],AOD_If_Retrieval_is_L2(without_L2_0.4_AOD_440_threshold),AOD_If_AOD_is_L2,AOD_Last_Processing_Date(dd:mm:yyyy),AOD_Last_Processing_Time(hh:mm:ss),AOD_Instrument_Number,AOD_Latitude(Degrees),AOD_Longitude(Degrees),AOD_Elevation(m),AOD_Inversion_Data_Quality_Level,AOD_Retrieval_Measurement_Scan_Type,TAB_Site,TAB_Day_of_Year,TAB_Day_of_Year(Fraction),TAB_Absorption_AOD[440nm],TAB_Absorption_AOD[675nm],TAB_Absorption_AOD[870nm],TAB_Absorption_AOD[1020nm],TAB_Absorption_Angstrom_Exponent_440-870nm,TAB_Average_Solar_Zenith_Angles_for_Flux_Calculation(Degrees),TAB_Solar_Zenith_Angle_for_Measurement_Start(Degrees),TAB_Sky_Residual(%),TAB_Sun_Residual(%),TAB_Coincident_AOD440nm,TAB_Scattering_Angle_Bin_3.2_to_<6_degrees[440nm],TAB_Scattering_Angle_Bin_6_to_<30_degrees[440nm],TAB_Scattering_Angle_Bin_30_to_<80_degrees[440nm],TAB_Scattering_Angle_Bin_80_degrees_and_over[440nm],TAB_Scattering_Angle_Bin_3.2_to_<6_degrees[675nm],TAB_Scattering_Angle_Bin_6_to_<30_degrees[675nm],TAB_Scattering_Angle_Bin_30_to_<80_degrees[675nm],TAB_Scattering_Angle_Bin_80_degrees_and_over[675nm],TAB_Scattering_Angle_Bin_3.2_to_<6_degrees[870nm],TAB_Scattering_Angle_Bin_6_to_<30_degrees[870nm],TAB_Scattering_Angle_Bin_30_to_<80_degrees[870nm],TAB_Scattering_Angle_Bin_80_degrees_and_over[870nm],TAB_Scattering_Angle_Bin_3.2_to_<6_degrees[1020nm],TAB_Scattering_Angle_Bin_6_to_<30_degrees[1020nm],TAB_Scattering_Angle_Bin_30_to_<80_degrees[1020nm],TAB_Scattering_Angle_Bin_80_degrees_and_over[1020nm],TAB_Surface_Albedo[440m],TAB_Surface_Albedo[675m],TAB_Surface_Albedo[870m],TAB_Surface_Albedo[1020m],TAB_If_Retrieval_is_L2(without_L2_0.4_AOD_440_threshold),TAB_If_AOD_is_L2,TAB_Last_Processing_Date(dd:mm:yyyy),TAB_Last_Processing_Time(hh:mm:ss),TAB_Instrument_Number,TAB_Latitude(Degrees),TAB_Longitude(Degrees),TAB_Elevation(m),TAB_Inversion_Data_Quality_Level,TAB_Retrieval_Measurement_Scan_Type,AE,AOD_Extinction-Total[500nm],FMF,Label,Source,Day_of_Year,Season
15:03:1998,10:51:44,Surinam,74,74.452593,0.983,0.9786,0.9754,0.9729,74.03129,74.773335,5.11498,0.127345,0.287742,4,10,7,5,4,8,7,5,4,7,7,5,4,7,7,5,0.06709,0.1138,0.37425,0.37155,1,1,23:01:2021,06:27:45,6,5.8,-55.2,12.0,lev20,Almucantar,Surinam,74,74.452593,1.3794,1.3818,1.3819,1.3733,0.001807,0.001794,0.001745,0.001721,74.03129,74.773335,5.11498,0.127345,0.287742,4,10,7,5,4,8,7,5,4,7,7,5,4,7,7,5,0.06709,0.1138,0.37425,0.37155,1,1,23:01:2021,06:27:45,6,5.8,-55.2,12.0,lev20,Almucantar,Surinam,74,74.452593,0.287742,0.276064,0.271696,0.262493,0.085686,74.03129,74.773335,5.11498,0.127345,0.287742,4,10,7,5,4,8,7,5,4,7,7,5,4,7,7,5,0.06709,0.1138,0.37425,0.37155,1,1,23:01:2021,06:27:45,6,5.8,-55.2,12.0,lev20,Almucantar,Surinam,74,74.452593,0.2903,0.2783,0.2711,0.2645,0.0759,0.043,0.0274,0.019,0.2144,0.2353,0.2436,0.2455,0.100429,74.03129,74.773335,5.11498,0.127345,0.287742,4,10,7,5,4,8,7,5,4,7,7,5,4,7,7,5,0.06709,0.1138,0.37425,0.37155,1,1,23:01:2021,06:27:45,6,5.8,-55.2,12.0,lev20,Almucantar,Surinam,74,74.452593,0.025139,0.0157,0.011508,0.009458,1.144058,74.03129,74.773335,5.11498,0.127345,0.287742,4,10,7,5,4,8,7,5,4,7,7,5,4,7,7,5,0.06709,0.1138,0.37425,0.37155,1,1,23:01:2021,06:27:45,6,5.8,-55.2,12.0,lev20,Almucantar,0.10037444496232314,0.2865988971434101,0.20470340976421475,CNA,Unclassified,,Unknown
15:03:1998,20:50:00,Surinam,74,74.868056,0.983,0.9786,0.9754,0.9729,76.052836,75.311196,3.763012,0.123015,0.311065,4,10,7,5,4,9,7,5,4,7,7,5,4,7,7,5,0.07056,0.11808,0.38235,0.37443,1,1,23:01:2021,06:34:20,6,5.8,-55.2,12.0,lev20,Almucantar,Surinam,74,74.868056,1.3794,1.3818,1.3819,1.3733,0.001807,0.001794,0.001745,0.001721,76.052836,75.311196,3.763012,0.123015,0.311065,4,10,7,5,4,9,7,5,4,7,7,5,4,7,7,5,0.07056,0.11808,0.38235,0.37443,1,1,23:01:2021,06:34:20,6,5.8,-55.2,12.0,lev20,Almucantar,Surinam,74,74.868056,0.311065,0.276342,0.264214,0.250543,0.243881,76.052836,75.311196,3.763012,0.123015,0.311065,4,10,7,5,4,9,7,5,4,7,7,5,4,7,7,5,0.07056,0.11808,0.38235,0.37443,1,1,23:01:2021,06:34:20,6,5.8,-55.2,12.0,lev20,Almucantar,Surinam,74,74.868056,0.3124,0.2782,0.2631,0.2522,0.1131,0.0565,0.0343,0.0231,0.1993,0.2217,0.2288,0.2292,0.254502,76.052836,75.311196,3.763012,0.123015,0.311065,4,10,7,5,4,9,7,5,4,7,7,5,4,7,7,5,0.07056,0.11808,0.38235,0.37443,1,1,23:01:2021,06:34:20,6,5.8,-55.2,12.0,lev20,Almucantar,Surinam,74,74.868056,0.025139,0.0157,0.011508,0.009458,1.144058,76.052836,75.311196,3.763012,0.123015,0.311065,4,10,7,5,4,9,7,5,4,7,7,5,4,7,7,5,0.07056,0.11808,0.38235,0.37443,1,1,23:01:2021,06:34:20,6,5.8,-55.2,12.0,lev20,Almucantar,0.25193717607013993,0.30249914146656337,0.2760427792976524,CNA,Unclassified,,Unknown
16:03:1998,10:51:14,Surinam,75,75.452245,0.983,0.9786,0.9754,0.9729,74.039924,74.782306,5.088042,0.128959,0.317742,4,10,7,5,4,8,7,5,4,7,7,5,4,7,7,5,0.06723,0.11396,0.37444,0.37177,1,1,23:01:2021,06:24:04,6,5.8,-55.2,12.0,lev20,Almucantar,Surinam,75,75.452245,1.3794,1.3818,1.3819,1.3733,0.001807,0.001794,0.001745,0.001721,74.039924,74.782306,5.088042,0.128959,0.317742,4,10,7,5,4,8,7,5,4,7,7,5,4,7,7,5,0.06723,0.11396,0.37444,0.37177,1,1,23:01:2021,06:24:04,6,5.8,-55.2,12.0,lev20,Almucantar,Surinam,75,75.452245,0.317742,0.303629,0.300011,0.289762,0.08671,74.039924,74.782306,5.088042,0.128959,0.317742,4,10,7,5,4,8,7,5,4,7,7,5,4,7,7,5,0.06723,0.11396,0.37444,0.37177,1,1,23:01:2021,06:24:04,6,5.8,-55.2,12.0,lev20,Almucantar,Surinam,75,75.452245,0.3201,0.3061,0.299,0.2912,0.0845,0.044,0.0275,0.0185,0.2356,0.2621,0.2715,0.2727,0.100726,74.039924,74.782306,5.088042,0.128959,0.317742,4,10,7,5,4,8,7,5,4,7,7,5,4,7,7,5,0.06723,0.11396,0.37444,0.37177,1,1,23:01:2021,06:24:04,6,5.8,-55.2,12.0,lev20,Almucantar,Surinam,75,75.452245,0.025139,0.0157,0.011508,0.009458,1.144058,74.039924,74.782306,5.088042,0.128959,0.317742,4,10,7,5,4,8,7,5,4,7,7,5,4,7,7,5,0.06723,0.11396,0.37444,0.37177,1,1,23:01:2021,06:24:04,6,5.8,-55.2,12.0,lev20,Almucantar,0.10002644069641985,0.316033028856113,0.19865411693125257,CNA,Unclassified,,Unknown
25:03:1998,10:48:55,Surinam,84,84.450637,0.983,0.9786,0.9754,0.9729,73.582821,74.326665,3.502119,0.142434,0.303211,4,10,7,5,4,9,7,4,4,7,7,3,4,7,7,5,0.06645,0.11332,0.375,0.34818,1,1,23:01:2021,06:28:07,6,5.8,-55.2,12.0,lev20,Almucantar,Surinam,84,84.450637,1.3794,1.3818,1.3819,1.3733,0.001807,0.001794,0.001745,0.001721,73.582821,74.326665,3.502119,0.142434,0.303211,4,10,7,5,4,9,7,4,4,7,7,3,4,7,7,5,0.06645,0.11332,0.375,0.34818,1,1,23:01:2021,06:28:07,6,5.8,-55.2,12.0,lev20,Almucantar,Surinam,84,84.450637,0.303211,0.270803,0.258977,0.244896,0.235268,73.582821,74.326665,3.502119,0.142434,0.303211,4,10,7,5,4,9,7,4,4,7,7,3,4,7,7,5,0.06645,0.11332,0.375,0.34818,1,1,23:01:2021,06:28:07,6,5.8,-55.2,12.0,lev20,Almucantar,Surinam,84,84.450637,0.3053,0.2726,0.2583,0.2476,0.1047,0.0512,0.0307,0.0208,0.2005,0.2215,0.2276,0.2269,0.247825,73.582821,74.326665,3.502119,0.142434,0.303211,4,10,7,5,4,9,7,4,4,7,7,3,4,7,7,5,0.06645,0.11332,0.375,0.34818,1,1,23:01:2021,06:28:07,6,5.8,-55.2,12.0,lev20,Almucantar,Surinam,84,84.450637,0.025139,0.0157,0.011508,0.009458,1.144058,73.582821,74.326665,3.502119,0.142434,0.303211,4,10,7,5,4,9,7,4,4,7,7,3,4,7,7,5,0.06645,0.11332,0.375,0.34818,1,1,23:01:2021,06:28:07,6,5.8,-55.2,12.0,lev20,Almucantar,0.2452232165945996,0.2958779946716272,0.257782427208197,CNA,Unclassified,,Unknown
25:03:1998,12:13:59,Surinam,84,84.509711,0.983,0.9786,0.9754,0.9729,52.455286,53.200628,2.777716,0.331927,0.275207,3,10,8,3,3,10,7,3,2,9,7,3,2,10,7,3,0.05212,0.08931,0.30198,0.30199,1,1,23:01:2021,06:30:29,6,5.8,-55.2,12.0,lev20,Almucantar,Surinam,84,84.509711,1.3794,1.3818,1.3819,1.3733,0.001807,0.001794,0.001745,0.001721,52.455286,53.200628,2.777716,0.331927,0.275207,3,10,8,3,3,10,7,3,2,9,7,3,2,10,7,3,0.05212,0.08931,0.30198,0.30199,1,1,23:01:2021,06:30:29,6,5.8,-55.2,12.0,lev20,Almucantar,Surinam,84,84.509711,0.275207,0.247339,0.24085,0.224036,0.201669,52.455286,53.200628,2.777716,0.331927,0.275207,3,10,8,3,3,10,7,3,2,9,7,3,2,10,7,3,0.05212,0.08931,0.30198,0.30199,1,1,23:01:2021,06:30:29,6,5.8,-55.2,12.0,lev20,Almucantar,Surinam,84,84.509711,0.2769,0.2496,0.2374,0.2295,0.101,0.0524,0.0316,0.022,0.176,0.1972,0.2058,0.2075,0.228041,52.455286,53.200628,2.777716,0.331927,0.275207,3,10,8,3,3,10,7,3,2,9,7,3,2,10,7,3,0.05212,0.08931,0.30198,0.30199,1,1,23:01:2021,06:30:29,6,5.8,-55.2,12.0,lev20,Almucantar,Surinam,84,84.509711,0.025139,0.0157,0.011508,0.009458,1.144058,52.455286,53.200628,2.777716,0.331927,0.275207,3,10,8,3,3,10,7,3,2,9,7,3,2,10,7,3,0.05212,0.08931,0.30198,0.30199,1,1,23:01:2021,06:30:29,6,5.8,-55.2,12.0,lev20,Almucantar,0.22576760267968707,0.269022709063396,0.2806167983862467,CNA,Unclassified,,Unknown
26:03:1998,11:06:52,Surinam,85,85.463102,0.983,0.9786,0.9754,0.9729,69.016394,69.761104,3.754818,0.202204,0.177489,4,10,7,5,4,9,7,5,4,8,7,4,4,9,6,3,0.06161,0.10521,0.35047,0.34827,1,1,23:01:2021,06:31:48,6,5.8,-55.2,12.0,lev20,Almucantar,Surinam,85,85.463102,1.3794,1.3818,1.3819,1.3733,0.001807,0.001794,0.001745,0.001721,69.016394,69.761104,3.754818,0.202204,0.177489,4,10,7,5,4,9,7,5,4,8,7,4,4,9,6,3,0.06161,0.10521,0.35047,0.34827,1,1,23:01:2021,06:31:48,6,5.8,-55.2,12.0,lev20,Almucantar,Surinam,85,85.463102,0.177489,0.142953,0.133467,0.122519,0.42823,69.016394,69.761104,3.754818,0.202204,0.177489,4,10,7,5,4,9,7,5,4,8,7,4,4,9,6,3,0.06161,0.10521,0.35047,0.34827,1,1,23:01:2021,06:31:48,6,5.8,-55.2,12.0,lev20,Almucantar,Surinam,85,85.463102,0.1782,0.1446,0.1322,0.1259,0.0787,0.0351,0.0201,0.0136,0.0995,0.1094,0.1122,0.1123,0.444247,69.016394,69.761104,3.754818,0.202204,0.177489,4,10,7,5,4,9,7,5,4,8,7,4,4,9,6,3,0.06161,0.10521,0.35047,0.34827,1,1,23:01:2021,06:31:48,6,5.8,-55.2,12.0,lev20,Almucantar,Surinam,85,85.463102,0.025139,0.0157,0.011508,0.009458,1.144058,69.016394,69.761104,3.754818,0.202204,0.177489,4,10,7,5,4,9,7,5,4,8,7,4,4,9,6,3,0.06161,0.10521,0.35047,0.34827,1,1,23:01:2021,06:31:48,6,5.8,-55.2,12.0,lev20,Almucantar,0.4379969067944708,0.16849665428674493,0.33214597331583007,CNA,Unclassified,,Unknown
26:03:1998,20:25:59,Surinam,85,85.851377,0.983,0.9786,0.9754,0.9729,70.459296,69.714869,4.660477,0.285279,0.129782,4,10,7,5,4,10,7,5,4,10,7,5,4,10,6,5,0.06313,0.10694,0.35318,0.34772,1,1,23:01:2021,06:33:56,6,5.8,-55.2,12.0,lev20,Almucantar,Surinam,85,85.851377,1.3794,1.3818,1.3819,1.3733,0.001807,0.001794,0.001745,0.001721,70.459296,69.714869,4.660477,0.285279,0.129782,4,10,7,5,4,10,7,5,4,10,7,5,4,10,6,5,0.06313,0.10694,0.35318,0.34772,1,1,23:01:2021,06:33:56,6,5.8,-55.2,12.0,lev20,Almucantar,Surinam,85,85.851377,0.129782,0.100158,0.091793,0.080134,0.519342,70.459296,69.714869,4.660477,0.285279,0.129782,4,10,7,5,4,10,7,5,4,10,7,5,4,10,6,5,0.06313,0.10694,0.35318,0.34772,1,1,23:01:2021,06:33:56,6,5.8,-55.2,12.0,lev20,Almucantar,Surinam,85,85.851377,0.1303,0.1014,0.0908,0.0858,0.0649,0.0293,0.0165,0.0112,0.0654,0.0721,0.0743,0.0746,0.536891,70.459296,69.714869,4.660477,0.285279,0.129782,4,10,7,5,4,10,7,5,4,10,7,5,4,10,6,5,0.06313,0.10694,0.35318,0.34772,1,1,23:01:2021,06:33:56,6,5.8,-55.2,12.0,lev20,Almucantar,Surinam,85,85.851377,0.025139,0.0157,0.011508,0.009458,1.144058,70.459296,69.714869,4.660477,0.285279,0.129782,4,10,7,5,4,10,7,5,4,10,7,5,4,10,6,5,0.06313,0.10694,0.35318,0.34772,1,1,23:01:2021,06:33:56,6,5.8,-55.2,12.0,lev20,Almucantar,0.5298084276873469,0.12176735360698,0.38477422014526663,CNA,Maritime,,Unknown
26:03:1998,20:48:45,Surinam,85,85.867188,0.983,0.9786,0.9754,0.9729,76.103582,75.360653,4.624138,0.203005,0.127652,4,10,7,4,4,10,7,4,4,10,6,4,4,10,6,3,0.06947,0.11718,0.38285,0.37497,1,1,23:01:2021,06:36:08,6,5.8,-55.2,12.0,lev20,Almucantar,Surinam,85,85.867188,1.3794,1.3818,1.3819,1.3733,0.001807,0.001794,0.001745,0.001721,76.103582,75.360653,4.624138,0.203005,0.127652,4,10,7,4,4,10,7,4,4,10,6,4,4,10,6,3,0.06947,0.11718,0.38285,0.37497,1,1,23:01:2021,06:36:08,6,5.8,-55.2,12.0,lev20,Almucantar,Surinam,85,85.867188,0.127652,0.100603,0.0922,0.081698,0.486608,76.103582,75.360653,4.624138,0.203005,0.127652,4,10,7,4,4,10,7,4,4,10,6,4,4,10,6,3,0.06947,0.11718,0.38285,0.37497,1,1,23:01:2021,06:36:08,6,5.8,-55.2,12.0,lev20,Almucantar,Surinam,85,85.867188,0.128,0.1013,0.0906,0.0852,0.062,0.0284,0.0161,0.0108,0.0661,0.0729,0.0745,0.0744,0.512239,76.103582,75.360653,4.624138,0.203005,0.127652,4,10,7,4,4,10,7,4,4,10,6,4,4,10,6,3,0.06947,0.11718,0.38285,0.37497,1,1,23:01:2021,06:36:08,6,5.8,-55.2,12.0,lev20,Almucantar,Surinam,85,85.867188,0.025139,0.0157,0.011508,0.009458,1.144058,76.103582,75.360653,4.624138,0.203005,0.127652,4,10,7,4,4,10,7,4,4,10,6,4,4,10,6,3,0.06947,0.11718,0.38285,0.37497,1,1,23:01:2021,06:36:08,6,5.8,-55.2,12.0,lev20,Almucantar,0.50691899751603,0.11996848693085325,0.3742962956604328,CNA,Maritime,,Unknown
27:03:1998,11:06:25,Surinam,86,86.462789,0.983,0.9786,0.9754,0.9729,69.016893,69.761562,1.345277,0.05547,0.324528,4,10,7,5,4,10,7,5,4,10,7,5,4,10,7,5,0.06155,0.10517,0.35044,0.34818,1,1,23:01:2021,06:42:34,6,5.8,-55.2,12.0,lev20,Almucantar,Surinam,86,86.462789,1.3794,1.3818,1.3819,1.3733,0.001807,0.001794,0.001745,0.001721,69.016893,69.761562,1.345277,0.05547,0.324528,4,10,7,5,4,10,7,5,4,10,7,5,4,10,7,5,0.06155,0.10517,0.35044,0.34818,1,1,23:01:2021,06:42:34,6,5.8,-55.2,12.0,lev20,Almucantar,Surinam,86,86.462789,0.324528,0.179627,0.134296,0.11147,1.306437,69.016893,69.761562,1.345277,0.05547,0.324528,4,10,7,5,4,10,7,5,4,10,7,5,4,10,7,5,0.06155,0.10517,0.35044,0.34818,1,1,23:01:2021,06:42:34,6,5.8,-55.2,12.0,lev20,Almucantar,Surinam,86,86.462789,0.3261,0.1805,0.1339,0.1124,0.2599,0.1039,0.0549,0.0343,0.0661,0.0766,0.079,0.0781,1.316688,69.016893,69.761562,1.345277,0.05547,0.324528,4,10,7,5,4,10,7,5,4,10,7,5,4,10,7,5,0.06155,0.10517,0.35044,0.34818,1,1,23:01:2021,06:42:34,6,5.8,-55.2,12.0,lev20,Almucantar,Surinam,86,86.462789,0.025139,0.0157,0.011508,0.009458,1.144058,69.016893,69.761562,1.345277,0.05547,0.324528,4,10,7,5,4,10,7,5,4,10,7,5,4,10,7,5,0.06155,0.10517,0.35044,0.34818,1,1,23:01:2021,06:42:34,6,5.8,-55.2,12.0,lev20,Almucantar,1.305686804784862,0.2759704338932022,0.6913080682570332,FNA,Urban,,Unknown
27:03:1998,20:25:47,Surinam,86,86.851238,0.983,0.9786,0.9754,0.9729,70.449111,69.704741,3.729641,0.042755,1.475752,4,10,7,4,4,10,7,4,4,10,7,4,4,10,7,4,0.06316,0.10696,0.35313,0.34773,1,1,23:01:2021,06:19:07,6,5.8,-55.2,12.0,lev20,Almucantar,Surinam,86,86.851238,1.3794,1.3818,1.3819,1.3733,0.001807,0.001794,0.001745,0.001721,70.449111,69.704741,3.729641,0.042755,1.475752,4,10,7,4,4,10,7,4,4,10,7,4,4,10,7,4,0.06316,0.10696,0.35313,0.34773,1,1,23:01:2021,06:19:07,6,5.8,-55.2,12.0,lev20,Almucantar,Surinam,86,86.851238,1.475752,0.73155,0.466412,0.349308,1.688386,70.449111,69.704741,3.729641,0.042755,1.475752,4,10,7,4,4,10,7,4,4,10,7,4,4,10,7,4,0.06316,0.10696,0.35313,0.34773,1,1,23:01:2021,06:19:07,6,5.8,-55.2,12.0,lev20,Almucantar,Surinam,86,86.851238,1.4792,0.7328,0.4669,0.3495,1.3898,0.6384,0.3662,0.2446,0.0894,0.0945,0.1007,0.1049,1.690237,70.449111,69.704741,3.729641,0.042755,1.475752,4,10,7,4,4,10,7,4,4,10,7,4,4,10,7,4,0.06316,0.10696,0.35313,0.34773,1,1,23:01:2021,06:19:07,6,5.8,-55.2,12.0,lev20,Almucantar,Surinam,86,86.851238,0.025139,0.0157,0.011508,0.009458,1.144058,70.449111,69.704741,3.729641,0.042755,1.475752,4,10,7,4,4,10,7,4,4,10,7,4,4,10,7,4,0.06316,0.10696,0.35313,0.34773,1,1,23:01:2021,06:19:07,6,5.8,-55.2,12.0,lev20,Almucantar,1.6915216528741186,1.1915660915560964,0.914227353696955,FNA,Biomass,,Unknown
02:04:1998,20:47:44,Surinam,92,92.866481,0.983,0.9786,0.9754,0.9729,76.133339,75.391948,4.363995,0.167232,0.127229,4,10,7,5,4,10,7,5,4,10,7,5,4,10,7,4,0.07037,0.11838,0.38522,0.37698,1,1,23:01:2021,06:44:59,6,5.8,-55.2,12.0,lev20,Almucantar,Surinam,92,92.866481,1.3794,1.3818,1.3819,1.3733,0.001807,0.001794,0.001745,0.001721,76.133339,75.391948,4.363995,0.167232,0.127229,4,10,7,5,4,10,7,5,4,10,7,5,4,10,7,4,0.07037,0.11838,0.38522,0.37698,1,1,23:01:2021,06:44:59,6,5.8,-55.2,12.0,lev20,Almucantar,Surinam,92,92.866481,0.127229,0.091927,0.087177,0.079469,0.577161,76.133339,75.391948,4.363995,0.167232,0.127229,4,10,7,5,4,10,7,5,4,10,7,5,4,10,7,4,0.07037,0.11838,0.38522,0.37698,1,1,23:01:2021,06:44:59,6,5.8,-55.2,12.0,lev20,Almucantar,Surinam,92,92.866481,0.1283,0.0942,0.0852,0.081,0.0667,0.0264,0.0148,0.0096,0.0616,0.0678,0.0704,0.0714,0.614539,76.133339,75.391948,4.363995,0.167232,0.127229,4,10,7,5,4,10,7,5,4,10,7,5,4,10,7,4,0.07037,0.11838,0.38522,0.37698,1,1,23:01:2021,06:44:59,6,5.8,-55.2,12.0,lev20,Almucantar,Surinam,92,92.866481,0.025139,0.0157,0.011508,0.009458,1.144058,76.133339,75.391948,4.363995,0.167232,0.127229,4,10,7,5,4,10,7,5,4,10,7,5,4,10,7,4,0.07037,0.11838,0.38522,0.37698,1,1,23:01:2021,06:44:59,6,5.8,-55.2,12.0,lev20,Almucantar,0.6004969015100978,0.11881976060084018,0.3892707784400735,Unclassified,Maritime,,Unknown
05:03:1999,19:50:16,Surinam,64,64.826574,0.983,0.9786,0.9754,0.9729,61.242216,60.508661,1.240017,0.341639,0.07553,3,10,8,4,3,10,8,4,3,10,8,4,3,10,8,4,0.05661,0.09641,0.31933,0.31701,1,1,23:01:2021,08:34:44,8,5.8,-55.2,12.0,lev20,Almucantar,Surinam,64,64.826574,1.3794,1.3818,1.3819,1.3733,0.001807,0.001794,0.001745,0.001721,61.242216,60.508661,1.240017,0.341639,0.07553,3,10,8,4,3,10,8,4,3,10,8,4,3,10,8,4,0.05661,0.09641,0.31933,0.31701,1,1,23:01:2021,08:34:44,8,5.8,-55.2,12.0,lev20,Almucantar,Surinam,64,64.826574,0.07553,0.071829,0.072439,0.060225,0.067247,61.242216,60.508661,1.240017,0.341639,0.07553,3,10,8,4,3,10,8,4,3,10,8,4,3,10,8,4,0.05661,0.09641,0.31933,0.31701,1,1,23:01:2021,08:34:44,8,5.8,-55.2,12.0,lev20,Almucantar,Surinam,64,64.826574,0.0767,0.0717,0.0683,0.0655,0.0269,0.0149,0.0088,0.0059,0.0499,0.0568,0.0595,0.0596,0.169098,61.242216,60.508661,1.240017,0.341639,0.07553,3,10,8,4,3,10,8,4,3,10,8,4,3,10,8,4,0.05661,0.09641,0.31933,0.31701,1,1,23:01:2021,08:34:44,8,5.8,-55.2,12.0,lev20,Almucantar,Surinam,64,64.826574,0.025139,0.0157,0.011508,0.009458,1.144058,61.242216,60.508661,1.240017,0.341639,0.07553,3,10,8,4,3,10,8,4,3,10,8,4,3,10,8,4,0.05661,0.09641,0.31933,0.31701,1,1,23:01:2021,08:34:44,8,5.8,-55.2,12.0,lev20,Almucantar,0.1701463938466184,0.0750497570724049,0.2749104895583175,CNA,Unclassified,,Unknown
05:03:1999,20:33:13,Surinam,64,64.8564,0.983,0.9786,0.9754,0.9729,71.769653,71.0332,1.909776,0.255435,0.072115,4,10,7,5,4,10,7,5,4,10,7,5,4,10,7,5,0.06494,0.10977,0.35792,0.35267,1,1,23:01:2021,08:37:06,8,5.8,-55.2,12.0,lev20,Almucantar,Surinam,64,64.8564,1.3794,1.3818,1.3819,1.3733,0.001807,0.001794,0.001745,0.001721,71.769653,71.0332,1.909776,0.255435,0.072115,4,10,7,5,4,10,7,5,4,10,7,5,4,10,7,5,0.06494,0.10977,0.35792,0.35267,1,1,23:01:2021,08:37:06,8,5.8,-55.2,12.0,lev20,Almucantar,Surinam,64,64.8564,0.072115,0.066845,0.064663,0.055681,0.162079,71.769653,71.0332,1.909776,0.255435,0.072115,4,10,7,5,4,10,7,5,4,10,7,5,4,10,7,5,0.06494,0.10977,0.35792,0.35267,1,1,23:01:2021,08:37:06,8,5.8,-55.2,12.0,lev20,Almucantar,Surinam,64,64.8564,0.0737,0.0669,0.0626,0.0598,0.0284,0.0156,0.0092,0.0062,0.0452,0.0514,0.0535,0.0536,0.238446,71.769653,71.0332,1.909776,0.255435,0.072115,4,10,7,5,4,10,7,5,4,10,7,5,4,10,7,5,0.06494,0.10977,0.35792,0.35267,1,1,23:01:2021,08:37:06,8,5.8,-55.2,12.0,lev20,Almucantar,Surinam,64,64.8564,0.025139,0.0157,0.011508,0.009458,1.144058,71.769653,71.0332,1.909776,0.255435,0.072115,4,10,7,5,4,10,7,5,4,10,7,5,4,10,7,5,0.06494,0.10977,0.35792,0.35267,1,1,23:01:2021,08:37:06,8,5.8,-55.2,12.0,lev20,Almucantar,0.2394500438878016,0.07147824179130143,0.305235575449462,CNA,Unclassified,,Unknown
05:03:1999,20:53:29,Surinam,64,64.870475,0.983,0.9786,0.9754,0.9729,76.744623,76.008453,2.467076,0.1495,0.072641,4,10,7,5,4,10,7,5,4,10,7,5,4,10,7,5,0.07102,0.11949,0.38565,0.37814,1,1,23:01:2021,08:39:30,8,5.8,-55.2,12.0,lev20,Almucantar,Surinam,64,64.870475,1.3794,1.3818,1.3819,1.3733,0.001807,0.001794,0.001745,0.001721,76.744623,76.008453,2.467076,0.1495,0.072641,4,10,7,5,4,10,7,5,4,10,7,5,4,10,7,5,0.07102,0.11949,0.38565,0.37814,1,1,23:01:2021,08:39:30,8,5.8,-55.2,12.0,lev20,Almucantar,Surinam,64,64.870475,0.072641,0.066889,0.064817,0.057577,0.170098,76.744623,76.008453,2.467076,0.1495,0.072641,4,10,7,5,4,10,7,5,4,10,7,5,4,10,7,5,0.07102,0.11949,0.38565,0.37814,1,1,23:01:2021,08:39:30,8,5.8,-55.2,12.0,lev20,Almucantar,Surinam,64,64.870475,0.0735,0.0676,0.0634,0.0605,0.0277,0.0154,0.0093,0.0064,0.0459,0.0522,0.0541,0.0541,0.214956,76.744623,76.008453,2.467076,0.1495,0.072641,4,10,7,5,4,10,7,5,4,10,7,5,4,10,7,5,0.07102,0.11949,0.38565,0.37814,1,1,23:01:2021,08:39:30,8,5.8,-55.2,12.0,lev20,Almucantar,Surinam,64,64.870475,0.025139,0.0157,0.011508,0.009458,1.144058,76.744623,76.008453,2.467076,0.1495,0.072641,4,10,7,5,4,10,7,5,4,10,7,5,4,10,7,5,0.07102,0.11949,0.38565,0.37814,1,1,23:01:2021,08:39:30,8,5.8,-55.2,12.0,lev20,Almucantar,0.21683663870840425,0.07149063396519759,0.2976654042698927,CNA,Unclassified,,Unknown
07:03:1999,20:33:14,Surinam,66,66.856412,0.983,0.9786,0.9754,0.9729,71.780824,71.042887,2.864139,0.268084,0.049571,4,10,7,5,4,10,7,5,4,10,7,5,4,10,7,4,0.06565,0.11022,0.35887,0.35346,1,1,23:01:2021,08:21:28,8,5.8,-55.2,12.0,lev20,Almucantar,Surinam,66,66.856412,1.3794,1.3818,1.3819,1.3733,0.001807,0.001794,0.001745,0.001721,71.780824,71.042887,2.864139,0.268084,0.049571,4,10,7,5,4,10,7,5,4,10,7,5,4,10,7,4,0.06565,0.11022,0.35887,0.35346,1,1,23:01:2021,08:21:28,8,5.8,-55.2,12.0,lev20,Almucantar,Surinam,66,66.856412,0.049571,0.042379,0.039791,0.030612,0.327493,71.780824,71.042887,2.864139,0.268084,0.049571,4,10,7,5,4,10,7,5,4,10,7,5,4,10,7,4,0.06565,0.11022,0.35887,0.35346,1,1,23:01:2021,08:21:28,8,5.8,-55.2,12.0,lev20,Almucantar,Surinam,66,66.856412,0.0507,0.0421,0.0377,0.0354,0.025,0.0131,0.0077,0.0054,0.0258,0.029,0.0299,0.03,0.435249,71.780824,71.042887,2.864139,0.268084,0.049571,4,10,7,5,4,10,7,5,4,10,7,5,4,10,7,4,0.06565,0.11022,0.35887,0.35346,1,1,23:01:2021,08:21:28,8,5.8,-55.2,12.0,lev20,Almucantar,Surinam,66,66.856412,0.025139,0.0157,0.011508,0.009458,1.144058,71.780824,71.042887,2.864139,0.268084,0.049571,4,10,7,5,4,10,7,5,4,10,7,5,4,10,7,4,0.06565,0.11022,0.35887,0.35346,1,1,23:01:2021,08:21:28,8,5.8,-55.2,12.0,lev20,Almucantar,0.43458674332083463,0.047960186652319985,0.3965729960562672,CNA,Unclassified,,Unknown
07:03:1999,20:53:28,Surinam,66,66.870463,0.983,0.9786,0.9754,0.9729,76.756938,76.019458,3.137075,0.197227,0.053251,4,10,7,5,4,10,7,4,4,10,6,3,4,10,5,3,0.07187,0.12011,0.38674,0.37909,1,1,23:01:2021,08:23:28,8,5.8,-55.2,12.0,lev20,Almucantar,Surinam,66,66.870463,1.3794,1.3818,1.3819,1.3733,0.001807,0.001794,0.001745,0.001721,76.756938,76.019458,3.137075,0.197227,0.053251,4,10,7,5,4,10,7,4,4,10,6,3,4,10,5,3,0.07187,0.12011,0.38674,0.37909,1,1,23:01:2021,08:23:28,8,5.8,-55.2,12.0,lev20,Almucantar,Surinam,66,66.870463,0.053251,0.045167,0.041923,0.034541,0.35494,76.756938,76.019458,3.137075,0.197227,0.053251,4,10,7,5,4,10,7,4,4,10,6,3,4,10,5,3,0.07187,0.12011,0.38674,0.37909,1,1,23:01:2021,08:23:28,8,5.8,-55.2,12.0,lev20,Almucantar,Surinam,66,66.870463,0.0535,0.0448,0.0404,0.038,0.0262,0.014,0.0082,0.0057,0.0273,0.0308,0.0321,0.0323,0.412913,76.756938,76.019458,3.137075,0.197227,0.053251,4,10,7,5,4,10,7,4,4,10,6,3,4,10,5,3,0.07187,0.12011,0.38674,0.37909,1,1,23:01:2021,08:23:28,8,5.8,-55.2,12.0,lev20,Almucantar,Surinam,66,66.870463,0.025139,0.0157,0.011508,0.009458,1.144058,76.756938,76.019458,3.137075,0.197227,0.053251,4,10,7,5,4,10,7,4,4,10,6,3,4,10,5,3,0.07187,0.12011,0.38674,0.37909,1,1,23:01:2021,08:23:28,8,5.8,-55.2,12.0,lev20,Almucantar,0.411976314597785,0.05075536530475852,0.3966017010847634,CNA,Unclassified,,Unknown
13:03:1999,19:25:52,Surinam,72,72.80963,0.983,0.9786,0.9754,0.9729,55.22521,54.486281,2.214408,0.550067,0.230037,4,10,8,3,4,10,8,3,3,10,8,3,3,10,8,3,0.05419,0.09179,0.30553,0.30414,1,1,23:01:2021,08:27:08,8,5.8,-55.2,12.0,lev20,Almucantar,Surinam,72,72.80963,1.3794,1.3818,1.3819,1.3733,0.001807,0.001794,0.001745,0.001721,55.22521,54.486281,2.214408,0.550067,0.230037,4,10,8,3,4,10,8,3,3,10,8,3,3,10,8,3,0.05419,0.09179,0.30553,0.30414,1,1,23:01:2021,08:27:08,8,5.8,-55.2,12.0,lev20,Almucantar,Surinam,72,72.80963,0.230037,0.197089,0.183326,0.160028,0.336425,55.22521,54.486281,2.214408,0.550067,0.230037,4,10,8,3,4,10,8,3,3,10,8,3,3,10,8,3,0.05419,0.09179,0.30553,0.30414,1,1,23:01:2021,08:27:08,8,5.8,-55.2,12.0,lev20,Almucantar,Surinam,72,72.80963,0.2326,0.1959,0.1793,0.17,0.0995,0.0469,0.0258,0.0173,0.1331,0.149,0.1535,0.1527,0.384408,55.22521,54.486281,2.214408,0.550067,0.230037,4,10,8,3,4,10,8,3,3,10,8,3,3,10,8,3,0.05419,0.09179,0.30553,0.30414,1,1,23:01:2021,08:27:08,8,5.8,-55.2,12.0,lev20,Almucantar,Surinam,72,72.80963,0.025139,0.0157,0.011508,0.009458,1.144058,55.22521,54.486281,2.214408,0.550067,0.230037,4,10,8,3,4,10,8,3,3,10,8,3,3,10,8,3,0.05419,0.09179,0.30553,0.30414,1,1,23:01:2021,08:27:08,8,5.8,-55.2,12.0,lev20,Almucantar,0.3817702839231961,0.2215209699685731,0.324315260342978,CNA,Unclassified,,Unknown
08:05:1999,20:45:38,Surinam,128,128.865023,0.983,0.9786,0.9754,0.9729,76.634465,75.921503,2.616459,0.092474,0.271923,4,10,7,4,4,10,6,4,4,7,4,4,4,8,5,3,0.06878,0.11668,0.39057,0.38132,1,1,23:01:2021,08:21:44,8,5.8,-55.2,12.0,lev20,Almucantar,Surinam,128,128.865023,1.3794,1.3818,1.3819,1.3733,0.001807,0.001794,0.001745,0.001721,76.634465,75.921503,2.616459,0.092474,0.271923,4,10,7,4,4,10,6,4,4,7,4,4,4,8,5,3,0.06878,0.11668,0.39057,0.38132,1,1,23:01:2021,08:21:44,8,5.8,-55.2,12.0,lev20,Almucantar,Surinam,128,128.865023,0.271923,0.255992,0.247437,0.231239,0.138916,76.634465,75.921503,2.616459,0.092474,0.271923,4,10,7,4,4,10,6,4,4,7,4,4,4,8,5,3,0.06878,0.11668,0.39057,0.38132,1,1,23:01:2021,08:21:44,8,5.8,-55.2,12.0,lev20,Almucantar,Surinam,128,128.865023,0.2749,0.2577,0.247,0.2334,0.0879,0.0491,0.0309,0.0195,0.1871,0.2087,0.2161,0.2139,0.156606,76.634465,75.921503,2.616459,0.092474,0.271923,4,10,7,4,4,10,6,4,4,7,4,4,4,8,5,3,0.06878,0.11668,0.39057,0.38132,1,1,23:01:2021,08:21:44,8,5.8,-55.2,12.0,lev20,Almucantar,Surinam,128,128.865023,0.025139,0.0157,0.011508,0.009458,1.144058,76.634465,75.921503,2.616459,0.092474,0.271923,4,10,7,4,4,10,6,4,4,7,4,4,4,8,5,3,0.06878,0.11668,0.39057,0.38132,1,1,23:01:2021,08:21:44,8,5.8,-55.2,12.0,lev20,Almucantar,0.15698424047371398,0.2694383400886207,0.2539385899834497,CNA,Unclassified,,Unknown
24:12:2000,11:18:42,Surinam,359,359.471319,0.983,0.9786,0.9754,0.9729,69.479004,70.138771,2.792689,0.041439,0.211697,4,10,6,6,4,10,7,5,4,10,7,4,4,10,7,5,0.05973,0.10362,0.34918,0.3499,1,1,23:01:2021,11:32:22,171,5.8,-55.2,12.0,lev20,Almucantar,Surinam,359,359.471319,1.3794,1.3818,1.3819,1.3733,0.001807,0.001794,0.001745,0.001721,69.479004,70.138771,2.792689,0.041439,0.211697,4,10,6,6,4,10,7,5,4,10,7,4,4,10,7,5,0.05973,0.10362,0.34918,0.3499,1,1,23:01:2021,11:32:22,171,5.8,-55.2,12.0,lev20,Almucantar,Surinam,359,359.471319,0.211697,0.171176,0.158575,0.153723,0.432909,69.479004,70.138771,2.792689,0.041439,0.211697,4,10,6,6,4,10,7,5,4,10,7,4,4,10,7,5,0.05973,0.10362,0.34918,0.3499,1,1,23:01:2021,11:32:22,171,5.8,-55.2,12.0,lev20,Almucantar,Surinam,359,359.471319,0.2145,0.1715,0.159,0.1538,0.105,0.0489,0.0275,0.0188,0.1096,0.1226,0.1314,0.135,0.449457,69.479004,70.138771,2.792689,0.041439,0.211697,4,10,6,6,4,10,7,5,4,10,7,4,4,10,7,5,0.05973,0.10362,0.34918,0.3499,1,1,23:01:2021,11:32:22,171,5.8,-55.2,12.0,lev20,Almucantar,Surinam,359,359.471319,0.025139,0.0157,0.011508,0.009458,1.144058,69.479004,70.138771,2.792689,0.041439,0.211697,4,10,6,6,4,10,7,5,4,10,7,4,4,10,7,5,0.05973,0.10362,0.34918,0.3499,1,1,23:01:2021,11:32:22,171,5.8,-55.2,12.0,lev20,Almucantar,0.4391923394356033,0.20278905500894026,0.3792018271630027,CNA,Unclassified,,Unknown
04:01:2001,11:23:05,Surinam,4,4.474363,0.983,0.9786,0.9754,0.9729,69.477334,70.141906,3.374579,0.073567,0.197955,2,10,4,6,2,5,7,6,4,10,7,4,4,10,7,6,0.0611,0.10469,0.34977,0.34934,1,1,23:01:2021,11:34:45,171,5.8,-55.2,12.0,lev20,Almucantar,Surinam,4,4.474363,1.3794,1.3818,1.3819,1.3733,0.001807,0.001794,0.001745,0.001721,69.477334,70.141906,3.374579,0.073567,0.197955,2,10,4,6,2,5,7,6,4,10,7,4,4,10,7,6,0.0611,0.10469,0.34977,0.34934,1,1,23:01:2021,11:34:45,171,5.8,-55.2,12.0,lev20,Almucantar,Surinam,4,4.474363,0.197955,0.17337,0.168189,0.167978,0.247211,69.477334,70.141906,3.374579,0.073567,0.197955,2,10,4,6,2,5,7,6,4,10,7,4,4,10,7,6,0.0611,0.10469,0.34977,0.34934,1,1,23:01:2021,11:34:45,171,5.8,-55.2,12.0,lev20,Almucantar,Surinam,4,4.474363,0.2026,0.1757,0.1695,0.1678,0.0683,0.0296,0.0159,0.0109,0.1343,0.1461,0.1536,0.1569,0.269969,69.477334,70.141906,3.374579,0.073567,0.197955,2,10,4,6,2,5,7,6,4,10,7,4,4,10,7,6,0.0611,0.10469,0.34977,0.34934,1,1,23:01:2021,11:34:45,171,5.8,-55.2,12.0,lev20,Almucantar,Surinam,4,4.474363,0.025139,0.0157,0.011508,0.009458,1.144058,69.477334,70.141906,3.374579,0.073567,0.197955,2,10,4,6,2,5,7,6,4,10,7,4,4,10,7,6,0.0611,0.10469,0.34977,0.34934,1,1,23:01:2021,11:34:45,171,5.8,-55.2,12.0,lev20,Almucantar,0.2616632363475852,0.19593525991517916,0.2406805195274962,CNA,Unclassified,,Unknown
08:01:2001,11:02:04,Surinam,8,8.459769,0.983,0.9786,0.9754,0.9729,74.433337,75.107467,1.434497,0.009332,0.260834,4,10,6,6,4,10,6,6,4,10,6,6,4,10,7,5,0.06597,0.11286,0.37484,0.37337,1,1,23:01:2021,11:38:14,171,5.8,-55.2,12.0,lev20,Almucantar,Surinam,8,8.459769,1.3794,1.3818,1.3819,1.3733,0.001807,0.001794,0.001745,0.001721,74.433337,75.107467,1.434497,0.009332,0.260834,4,10,6,6,4,10,6,6,4,10,6,6,4,10,7,5,0.06597,0.11286,0.37484,0.37337,1,1,23:01:2021,11:38:14,171,5.8,-55.2,12.0,lev20,Almucantar,Surinam,8,8.459769,0.260834,0.207971,0.189016,0.180177,0.480068,74.433337,75.107467,1.434497,0.009332,0.260834,4,10,6,6,4,10,6,6,4,10,6,6,4,10,7,5,0.06597,0.11286,0.37484,0.37337,1,1,23:01:2021,11:38:14,171,5.8,-55.2,12.0,lev20,Almucantar,Surinam,8,8.459769,0.2632,0.2085,0.1897,0.1807,0.1311,0.0606,0.0338,0.0224,0.1321,0.1479,0.1559,0.1582,0.488785,74.433337,75.107467,1.434497,0.009332,0.260834,4,10,6,6,4,10,6,6,4,10,6,6,4,10,7,5,0.06597,0.11286,0.37484,0.37337,1,1,23:01:2021,11:38:14,171,5.8,-55.2,12.0,lev20,Almucantar,Surinam,8,8.459769,0.025139,0.0157,0.011508,0.009458,1.144058,74.433337,75.107467,1.434497,0.009332,0.260834,4,10,6,6,4,10,6,6,4,10,6,6,4,10,7,5,0.06597,0.11286,0.37484,0.37337,1,1,23:01:2021,11:38:14,171,5.8,-55.2,12.0,lev20,Almucantar,0.4803600457406602,0.2475241505592498,0.38737487932963693,CNA,Unclassified,,Unknown
09:01:2001,11:24:33,Surinam,9,9.475382,0.983,0.9786,0.9754,0.9729,69.461476,70.130093,1.485525,0.030066,0.269302,4,10,7,6,4,9,7,6,4,10,7,6,4,10,7,6,0.06259,0.10641,0.35064,0.3498,1,1,23:01:2021,11:40:36,171,5.8,-55.2,12.0,lev20,Almucantar,Surinam,9,9.475382,1.3794,1.3818,1.3819,1.3733,0.001807,0.001794,0.001745,0.001721,69.461476,70.130093,1.485525,0.030066,0.269302,4,10,7,6,4,9,7,6,4,10,7,6,4,10,7,6,0.06259,0.10641,0.35064,0.3498,1,1,23:01:2021,11:40:36,171,5.8,-55.2,12.0,lev20,Almucantar,Surinam,9,9.475382,0.269302,0.236938,0.228072,0.224245,0.250376,69.461476,70.130093,1.485525,0.030066,0.269302,4,10,7,6,4,9,7,6,4,10,7,6,4,10,7,6,0.06259,0.10641,0.35064,0.3498,1,1,23:01:2021,11:40:36,171,5.8,-55.2,12.0,lev20,Almucantar,Surinam,9,9.475382,0.2742,0.2385,0.2298,0.2254,0.0977,0.0424,0.0235,0.0156,0.1765,0.1961,0.2063,0.2097,0.266969,69.461476,70.130093,1.485525,0.030066,0.269302,4,10,7,6,4,9,7,6,4,10,7,6,4,10,7,6,0.06259,0.10641,0.35064,0.3498,1,1,23:01:2021,11:40:36,171,5.8,-55.2,12.0,lev20,Almucantar,Surinam,9,9.475382,0.025139,0.0157,0.011508,0.009458,1.144058,69.461476,70.130093,1.485525,0.030066,0.269302,4,10,7,6,4,9,7,6,4,10,7,6,4,10,7,6,0.06259,0.10641,0.35064,0.3498,1,1,23:01:2021,11:40:36,171,5.8,-55.2,12.0,lev20,Almucantar,0.2591222119815093,0.2652660543822487,0.2555147625430146,CNA,Unclassified,,Unknown
16:01:2001,19:02:58,Surinam,16,16.793727,0.983,0.9786,0.9754,0.9729,54.768648,54.128243,2.410914,0.10199,0.241181,4,10,8,4,4,10,8,4,4,10,8,4,4,10,8,4,0.05383,0.09139,0.30327,0.30333,1,1,23:01:2021,11:56:10,171,5.8,-55.2,12.0,lev20,Almucantar,Surinam,16,16.793727,1.3794,1.3818,1.3819,1.3733,0.001807,0.001794,0.001745,0.001721,54.768648,54.128243,2.410914,0.10199,0.241181,4,10,8,4,4,10,8,4,4,10,8,4,4,10,8,4,0.05383,0.09139,0.30327,0.30333,1,1,23:01:2021,11:56:10,171,5.8,-55.2,12.0,lev20,Almucantar,Surinam,16,16.793727,0.241181,0.205919,0.19325,0.189006,0.330813,54.768648,54.128243,2.410914,0.10199,0.241181,4,10,8,4,4,10,8,4,4,10,8,4,4,10,8,4,0.05383,0.09139,0.30327,0.30333,1,1,23:01:2021,11:56:10,171,5.8,-55.2,12.0,lev20,Almucantar,Surinam,16,16.793727,0.2446,0.2055,0.1942,0.1889,0.105,0.0511,0.0298,0.021,0.1395,0.1545,0.1644,0.1679,0.346794,54.768648,54.128243,2.410914,0.10199,0.241181,4,10,8,4,4,10,8,4,4,10,8,4,4,10,8,4,0.05383,0.09139,0.30327,0.30333,1,1,23:01:2021,11:56:10,171,5.8,-55.2,12.0,lev20,Almucantar,Surinam,16,16.793727,0.025139,0.0157,0.011508,0.009458,1.144058,54.768648,54.128243,2.410914,0.10199,0.241181,4,10,8,4,4,10,8,4,4,10,8,4,4,10,8,4,0.05383,0.09139,0.30327,0.30333,1,1,23:01:2021,11:56:10,171,5.8,-55.2,12.0,lev20,Almucantar,0.33846180287320826,0.23424264202929956,0.3305920351225136,CNA,Unclassified,,Unknown
21:01:2001,19:06:27,Surinam,21,21.796146,0.983,0.9786,0.9754,0.9729,54.777258,54.127629,2.563102,0.126425,0.168185,4,10,7,4,2,9,5,4,2,7,6,4,4,10,8,3,0.05424,0.09168,0.30311,0.30317,1,1,23:01:2021,11:22:45,171,5.8,-55.2,12.0,lev20,Almucantar,Surinam,21,21.796146,1.3794,1.3818,1.3819,1.3733,0.001807,0.001794,0.001745,0.001721,54.777258,54.127629,2.563102,0.126425,0.168185,4,10,7,4,2,9,5,4,2,7,6,4,4,10,8,3,0.05424,0.09168,0.30311,0.30317,1,1,23:01:2021,11:22:45,171,5.8,-55.2,12.0,lev20,Almucantar,Surinam,21,21.796146,0.168185,0.151565,0.144834,0.145796,0.222558,54.777258,54.127629,2.563102,0.126425,0.168185,4,10,7,4,2,9,5,4,2,7,6,4,4,10,8,3,0.05424,0.09168,0.30311,0.30317,1,1,23:01:2021,11:22:45,171,5.8,-55.2,12.0,lev20,Almucantar,Surinam,21,21.796146,0.1708,0.1503,0.1468,0.145,0.0602,0.027,0.0157,0.0114,0.1106,0.1233,0.1311,0.1335,0.230826,54.777258,54.127629,2.563102,0.126425,0.168185,4,10,7,4,2,9,5,4,2,7,6,4,4,10,8,3,0.05424,0.09168,0.30311,0.30317,1,1,23:01:2021,11:22:45,171,5.8,-55.2,12.0,lev20,Almucantar,Surinam,21,21.796146,0.025139,0.0157,0.011508,0.009458,1.144058,54.777258,54.127629,2.563102,0.126425,0.168185,4,10,7,4,2,9,5,4,2,7,6,4,4,10,8,3,0.05424,0.09168,0.30311,0.30317,1,1,23:01:2021,11:22:45,171,5.8,-55.2,12.0,lev20,Almucantar,0.22211832092630113,0.166018486649837,0.2527695110626718,CNA,Unclassified,,Unknown
21:01:2001,20:20:55,Surinam,21,21.847859,0.983,0.9786,0.9754,0.9729,71.412485,70.728474,3.406762,0.093987,0.156569,4,10,7,6,4,10,7,6,4,10,7,6,4,10,7,5,0.06585,0.11002,0.35642,0.35267,1,1,23:01:2021,11:25:58,171,5.8,-55.2,12.0,lev20,Almucantar,Surinam,21,21.847859,1.3794,1.3818,1.3819,1.3733,0.001807,0.001794,0.001745,0.001721,71.412485,70.728474,3.406762,0.093987,0.156569,4,10,7,6,4,10,7,6,4,10,7,6,4,10,7,5,0.06585,0.11002,0.35642,0.35267,1,1,23:01:2021,11:25:58,171,5.8,-55.2,12.0,lev20,Almucantar,Surinam,21,21.847859,0.156569,0.141494,0.136405,0.135705,0.206538,71.412485,70.728474,3.406762,0.093987,0.156569,4,10,7,6,4,10,7,6,4,10,7,6,4,10,7,5,0.06585,0.11002,0.35642,0.35267,1,1,23:01:2021,11:25:58,171,5.8,-55.2,12.0,lev20,Almucantar,Surinam,21,21.847859,0.159,0.1401,0.1372,0.136,0.0565,0.0255,0.0158,0.0115,0.1025,0.1146,0.1214,0.1245,0.225278,71.412485,70.728474,3.406762,0.093987,0.156569,4,10,7,6,4,10,7,6,4,10,7,6,4,10,7,5,0.06585,0.11002,0.35642,0.35267,1,1,23:01:2021,11:25:58,171,5.8,-55.2,12.0,lev20,Almucantar,Surinam,21,21.847859,0.025139,0.0157,0.011508,0.009458,1.144058,71.412485,70.728474,3.406762,0.093987,0.156569,4,10,7,6,4,10,7,6,4,10,7,6,4,10,7,5,0.06585,0.11002,0.35642,0.35267,1,1,23:01:2021,11:25:58,171,5.8,-55.2,12.0,lev20,Almucantar,0.21631287728025095,0.1546635631964279,0.2563634472494548,CNA,Unclassified,,Unknown
24:01:2001,20:44:07,Surinam,24,24.86397,0.983,0.9786,0.9754,0.9729,76.413151,75.72112,1.765086,0.006577,0.342023,4,10,7,6,4,10,7,6,4,10,7,6,4,10,6,5,0.07159,0.1193,0.38366,0.37793,1,1,23:01:2021,11:33:28,171,5.8,-55.2,12.0,lev20,Almucantar,Surinam,24,24.86397,1.3794,1.3818,1.3819,1.3733,0.001807,0.001794,0.001745,0.001721,76.413151,75.72112,1.765086,0.006577,0.342023,4,10,7,6,4,10,7,6,4,10,7,6,4,10,6,5,0.07159,0.1193,0.38366,0.37793,1,1,23:01:2021,11:33:28,171,5.8,-55.2,12.0,lev20,Almucantar,Surinam,24,24.86397,0.342023,0.280946,0.258074,0.247555,0.419492,76.413151,75.72112,1.765086,0.006577,0.342023,4,10,7,6,4,10,7,6,4,10,7,6,4,10,6,5,0.07159,0.1193,0.38366,0.37793,1,1,23:01:2021,11:33:28,171,5.8,-55.2,12.0,lev20,Almucantar,Surinam,24,24.86397,0.3452,0.2819,0.2591,0.248,0.1637,0.0779,0.044,0.0303,0.1815,0.204,0.2152,0.2177,0.427874,76.413151,75.72112,1.765086,0.006577,0.342023,4,10,7,6,4,10,7,6,4,10,7,6,4,10,6,5,0.07159,0.1193,0.38366,0.37793,1,1,23:01:2021,11:33:28,171,5.8,-55.2,12.0,lev20,Almucantar,Surinam,24,24.86397,0.025139,0.0157,0.011508,0.009458,1.144058,76.413151,75.72112,1.765086,0.006577,0.342023,4,10,7,6,4,10,7,6,4,10,7,6,4,10,6,5,0.07159,0.1193,0.38366,0.37793,1,1,23:01:2021,11:33:28,171,5.8,-55.2,12.0,lev20,Almucantar,0.4208626846200021,0.3271188836182868,0.36666527170071533,CNA,Unclassified,,Unknown
25:01:2001,11:26:33,Surinam,25,25.476771,0.983,0.9786,0.9754,0.9729,69.370964,70.05831,5.277834,0.144416,0.314229,4,10,7,6,4,9,7,6,4,10,7,6,4,10,7,5,0.06282,0.10686,0.35005,0.34913,1,1,23:01:2021,11:26:30,171,5.8,-55.2,12.0,lev20,Almucantar,Surinam,25,25.476771,1.3794,1.3818,1.3819,1.3733,0.001807,0.001794,0.001745,0.001721,69.370964,70.05831,5.277834,0.144416,0.314229,4,10,7,6,4,9,7,6,4,10,7,6,4,10,7,5,0.06282,0.10686,0.35005,0.34913,1,1,23:01:2021,11:26:30,171,5.8,-55.2,12.0,lev20,Almucantar,Surinam,25,25.476771,0.314229,0.26674,0.255059,0.251601,0.315083,69.370964,70.05831,5.277834,0.144416,0.314229,4,10,7,6,4,9,7,6,4,10,7,6,4,10,7,5,0.06282,0.10686,0.35005,0.34913,1,1,23:01:2021,11:26:30,171,5.8,-55.2,12.0,lev20,Almucantar,Surinam,25,25.476771,0.3182,0.2673,0.2553,0.2507,0.1212,0.0517,0.0291,0.02,0.1971,0.2156,0.2262,0.2307,0.332945,69.370964,70.05831,5.277834,0.144416,0.314229,4,10,7,6,4,9,7,6,4,10,7,6,4,10,7,5,0.06282,0.10686,0.35005,0.34913,1,1,23:01:2021,11:26:30,171,5.8,-55.2,12.0,lev20,Almucantar,Surinam,25,25.476771,0.025139,0.0157,0.011508,0.009458,1.144058,69.370964,70.05831,5.277834,0.144416,0.314229,4,10,7,6,4,9,7,6,4,10,7,6,4,10,7,5,0.06282,0.10686,0.35005,0.34913,1,1,23:01:2021,11:26:30,171,5.8,-55.2,12.0,lev20,Almucantar,0.32306706740016555,0.30532639851290466,0.2745815690882315,CNA,Unclassified,,Unknown
29:01:2001,11:04:53,Surinam,29,29.461725,0.983,0.9786,0.9754,0.9729,74.324829,75.022049,2.125145,0.037365,0.242783,4,10,6,6,4,8,6,5,4,10,5,5,4,10,5,6,0.06798,0.11538,0.37541,0.37352,1,1,23:01:2021,11:42:26,171,5.8,-55.2,12.0,lev20,Almucantar,Surinam,29,29.461725,1.3794,1.3818,1.3819,1.3733,0.001807,0.001794,0.001745,0.001721,74.324829,75.022049,2.125145,0.037365,0.242783,4,10,6,6,4,8,6,5,4,10,5,5,4,10,5,6,0.06798,0.11538,0.37541,0.37352,1,1,23:01:2021,11:42:26,171,5.8,-55.2,12.0,lev20,Almucantar,Surinam,29,29.461725,0.242783,0.230446,0.226107,0.222847,0.106573,74.324829,75.022049,2.125145,0.037365,0.242783,4,10,6,6,4,8,6,5,4,10,5,5,4,10,5,6,0.06798,0.11538,0.37541,0.37352,1,1,23:01:2021,11:42:26,171,5.8,-55.2,12.0,lev20,Almucantar,Surinam,29,29.461725,0.2452,0.2312,0.2267,0.2239,0.0626,0.0312,0.0179,0.0123,0.1826,0.2,0.2088,0.2116,0.117803,74.324829,75.022049,2.125145,0.037365,0.242783,4,10,6,6,4,8,6,5,4,10,5,5,4,10,5,6,0.06798,0.11538,0.37541,0.37352,1,1,23:01:2021,11:42:26,171,5.8,-55.2,12.0,lev20,Almucantar,Surinam,29,29.461725,0.025139,0.0157,0.011508,0.009458,1.144058,74.324829,75.022049,2.125145,0.037365,0.242783,4,10,6,6,4,8,6,5,4,10,5,5,4,10,5,6,0.06798,0.11538,0.37541,0.37352,1,1,23:01:2021,11:42:26,171,5.8,-55.2,12.0,lev20,Almucantar,0.11507190769356185,0.24161949985777217,0.18806081008332262,CNA,Unclassified,,Unknown
01:02:2001,19:13:39,Surinam,32,32.801146,0.983,0.9786,0.9754,0.9729,54.846986,54.174632,1.811749,0.155672,0.07655,4,10,8,4,4,10,8,4,4,10,8,4,4,10,8,4,0.05404,0.09183,0.30308,0.30297,1,1,23:01:2021,11:25:53,171,5.8,-55.2,12.0,lev20,Almucantar,Surinam,32,32.801146,1.3794,1.3818,1.3819,1.3733,0.001807,0.001794,0.001745,0.001721,54.846986,54.174632,1.811749,0.155672,0.07655,4,10,8,4,4,10,8,4,4,10,8,4,4,10,8,4,0.05404,0.09183,0.30308,0.30297,1,1,23:01:2021,11:25:53,171,5.8,-55.2,12.0,lev20,Almucantar,Surinam,32,32.801146,0.07655,0.069681,0.067097,0.069844,0.196783,54.846986,54.174632,1.811749,0.155672,0.07655,4,10,8,4,4,10,8,4,4,10,8,4,4,10,8,4,0.05404,0.09183,0.30308,0.30297,1,1,23:01:2021,11:25:53,171,5.8,-55.2,12.0,lev20,Almucantar,Surinam,32,32.801146,0.0787,0.0698,0.0684,0.0676,0.0273,0.0124,0.0072,0.0051,0.0514,0.0574,0.0612,0.0625,0.2142,54.846986,54.174632,1.811749,0.155672,0.07655,4,10,8,4,4,10,8,4,4,10,8,4,4,10,8,4,0.05404,0.09183,0.30308,0.30297,1,1,23:01:2021,11:25:53,171,5.8,-55.2,12.0,lev20,Almucantar,Surinam,32,32.801146,0.025139,0.0157,0.011508,0.009458,1.144058,54.846986,54.174632,1.811749,0.155672,0.07655,4,10,8,4,4,10,8,4,4,10,8,4,4,10,8,4,0.05404,0.09183,0.30308,0.30297,1,1,23:01:2021,11:25:53,171,5.8,-55.2,12.0,lev20,Almucantar,0.20575990520354892,0.07665694232871441,0.2503260301122782,CNA,Unclassified,,Unknown
08:02:2001,11:03:54,Surinam,39,39.461042,0.983,0.9786,0.9754,0.9729,74.233717,74.943974,1.667143,0.011846,0.332431,4,10,7,6,4,9,7,6,4,10,7,6,4,8,7,5,0.06777,0.1153,0.37402,0.37214,1,1,23:01:2021,11:52:57,171,5.8,-55.2,12.0,lev20,Almucantar,Surinam,39,39.461042,1.3794,1.3818,1.3819,1.3733,0.001807,0.001794,0.001745,0.001721,74.233717,74.943974,1.667143,0.011846,0.332431,4,10,7,6,4,9,7,6,4,10,7,6,4,8,7,5,0.06777,0.1153,0.37402,0.37214,1,1,23:01:2021,11:52:57,171,5.8,-55.2,12.0,lev20,Almucantar,Surinam,39,39.461042,0.332431,0.274161,0.251681,0.240817,0.414088,74.233717,74.943974,1.667143,0.011846,0.332431,4,10,7,6,4,9,7,6,4,10,7,6,4,8,7,5,0.06777,0.1153,0.37402,0.37214,1,1,23:01:2021,11:52:57,171,5.8,-55.2,12.0,lev20,Almucantar,Surinam,39,39.461042,0.3348,0.2749,0.2524,0.2414,0.1502,0.0692,0.0378,0.0253,0.1846,0.2058,0.2146,0.2161,0.420764,74.233717,74.943974,1.667143,0.011846,0.332431,4,10,7,6,4,9,7,6,4,10,7,6,4,8,7,5,0.06777,0.1153,0.37402,0.37214,1,1,23:01:2021,11:52:57,171,5.8,-55.2,12.0,lev20,Almucantar,Surinam,39,39.461042,0.025139,0.0157,0.011508,0.009458,1.144058,74.233717,74.943974,1.667143,0.011846,0.332431,4,10,7,6,4,9,7,6,4,10,7,6,4,8,7,5,0.06777,0.1153,0.37402,0.37214,1,1,23:01:2021,11:52:57,171,5.8,-55.2,12.0,lev20,Almucantar,0.4144206358986077,0.3175249987663352,0.34096445850482515,CNA,Unclassified,,Unknown
08:02:2001,11:24:59,Surinam,39,39.475683,0.983,0.9786,0.9754,0.9729,69.253366,69.960512,1.910478,0.069982,0.329115,4,10,7,6,4,9,7,6,4,10,7,6,4,10,7,6,0.06274,0.10691,0.34903,0.34809,1,1,23:01:2021,11:56:52,171,5.8,-55.2,12.0,lev20,Almucantar,Surinam,39,39.475683,1.3794,1.3818,1.3819,1.3733,0.001807,0.001794,0.001745,0.001721,69.253366,69.960512,1.910478,0.069982,0.329115,4,10,7,6,4,9,7,6,4,10,7,6,4,10,7,6,0.06274,0.10691,0.34903,0.34809,1,1,23:01:2021,11:56:52,171,5.8,-55.2,12.0,lev20,Almucantar,Surinam,39,39.475683,0.329115,0.270947,0.248499,0.237618,0.41808,69.253366,69.960512,1.910478,0.069982,0.329115,4,10,7,6,4,9,7,6,4,10,7,6,4,10,7,6,0.06274,0.10691,0.34903,0.34809,1,1,23:01:2021,11:56:52,171,5.8,-55.2,12.0,lev20,Almucantar,Surinam,39,39.475683,0.3305,0.2709,0.2486,0.2382,0.1497,0.0715,0.0399,0.0267,0.1808,0.1995,0.2086,0.2115,0.424145,69.253366,69.960512,1.910478,0.069982,0.329115,4,10,7,6,4,9,7,6,4,10,7,6,4,10,7,6,0.06274,0.10691,0.34903,0.34809,1,1,23:01:2021,11:56:52,171,5.8,-55.2,12.0,lev20,Almucantar,Surinam,39,39.475683,0.025139,0.0157,0.011508,0.009458,1.144058,69.253366,69.960512,1.910478,0.069982,0.329115,4,10,7,6,4,9,7,6,4,10,7,6,4,10,7,6,0.06274,0.10691,0.34903,0.34809,1,1,23:01:2021,11:56:52,171,5.8,-55.2,12.0,lev20,Almucantar,0.41771124971808765,0.31331504626937334,0.35164725124843843,CNA,Unclassified,,Unknown
22:02:2001,11:20:44,Surinam,53,53.472731,0.983,0.9786,0.9754,0.9729,69.165362,69.890852,1.493789,0.015283,0.324723,4,10,7,6,4,10,7,6,4,10,7,6,4,10,7,6,0.06205,0.10599,0.349,0.34756,1,1,23:01:2021,11:42:36,171,5.8,-55.2,12.0,lev20,Almucantar,Surinam,53,53.472731,1.3794,1.3818,1.3819,1.3733,0.001807,0.001794,0.001745,0.001721,69.165362,69.890852,1.493789,0.015283,0.324723,4,10,7,6,4,10,7,6,4,10,7,6,4,10,7,6,0.06205,0.10599,0.349,0.34756,1,1,23:01:2021,11:42:36,171,5.8,-55.2,12.0,lev20,Almucantar,Surinam,53,53.472731,0.324723,0.25788,0.227271,0.211407,0.527016,69.165362,69.890852,1.493789,0.015283,0.324723,4,10,7,6,4,10,7,6,4,10,7,6,4,10,7,6,0.06205,0.10599,0.349,0.34756,1,1,23:01:2021,11:42:36,171,5.8,-55.2,12.0,lev20,Almucantar,Surinam,53,53.472731,0.3276,0.2586,0.2283,0.2117,0.1686,0.0885,0.0555,0.039,0.159,0.1701,0.1728,0.1727,0.534151,69.165362,69.890852,1.493789,0.015283,0.324723,4,10,7,6,4,10,7,6,4,10,7,6,4,10,7,6,0.06205,0.10599,0.349,0.34756,1,1,23:01:2021,11:42:36,171,5.8,-55.2,12.0,lev20,Almucantar,Surinam,53,53.472731,0.025139,0.0157,0.011508,0.009458,1.144058,69.165362,69.890852,1.493789,0.015283,0.324723,4,10,7,6,4,10,7,6,4,10,7,6,4,10,7,6,0.06205,0.10599,0.349,0.34756,1,1,23:01:2021,11:42:36,171,5.8,-55.2,12.0,lev20,Almucantar,0.5297388974025616,0.30614995860241584,0.42622203751194887,Unclassified,Unclassified,,Unknown
24:02:2001,10:59:22,Surinam,55,55.457894,0.983,0.9786,0.9754,0.9729,74.156644,74.88565,3.147211,0.008458,0.235682,4,10,7,6,4,10,7,5,4,10,7,4,4,10,6,4,0.06728,0.11456,0.37416,0.37173,1,1,23:01:2021,11:35:51,171,5.8,-55.2,12.0,lev20,Almucantar,Surinam,55,55.457894,1.3794,1.3818,1.3819,1.3733,0.001807,0.001794,0.001745,0.001721,74.156644,74.88565,3.147211,0.008458,0.235682,4,10,7,6,4,10,7,5,4,10,7,4,4,10,6,4,0.06728,0.11456,0.37416,0.37173,1,1,23:01:2021,11:35:51,171,5.8,-55.2,12.0,lev20,Almucantar,Surinam,55,55.457894,0.235682,0.198678,0.18596,0.179619,0.354208,74.156644,74.88565,3.147211,0.008458,0.235682,4,10,7,6,4,10,7,5,4,10,7,4,4,10,6,4,0.06728,0.11456,0.37416,0.37173,1,1,23:01:2021,11:35:51,171,5.8,-55.2,12.0,lev20,Almucantar,Surinam,55,55.457894,0.2373,0.2002,0.1868,0.1805,0.1056,0.0547,0.0322,0.0221,0.1317,0.1456,0.1546,0.1585,0.357106,74.156644,74.88565,3.147211,0.008458,0.235682,4,10,7,6,4,10,7,5,4,10,7,4,4,10,6,4,0.06728,0.11456,0.37416,0.37173,1,1,23:01:2021,11:35:51,171,5.8,-55.2,12.0,lev20,Almucantar,Surinam,55,55.457894,0.025139,0.0157,0.011508,0.009458,1.144058,74.156644,74.88565,3.147211,0.008458,0.235682,4,10,7,6,4,10,7,5,4,10,7,4,4,10,6,4,0.06728,0.11456,0.37416,0.37173,1,1,23:01:2021,11:35:51,171,5.8,-55.2,12.0,lev20,Almucantar,0.3510050600131927,0.2268876595662018,0.354829800662682,CNA,Unclassified,,Unknown
26:02:2001,10:58:37,Surinam,57,57.457373,0.983,0.9786,0.9754,0.9729,74.149118,74.880066,2.450128,0.020565,0.148643,4,10,7,6,4,10,7,6,4,10,7,6,4,10,7,6,0.06718,0.1145,0.37475,0.37197,1,1,23:01:2021,11:38:25,171,5.8,-55.2,12.0,lev20,Almucantar,Surinam,57,57.457373,1.3794,1.3818,1.3819,1.3733,0.001807,0.001794,0.001745,0.001721,74.149118,74.880066,2.450128,0.020565,0.148643,4,10,7,6,4,10,7,6,4,10,7,6,4,10,7,6,0.06718,0.1145,0.37475,0.37197,1,1,23:01:2021,11:38:25,171,5.8,-55.2,12.0,lev20,Almucantar,Surinam,57,57.457373,0.148643,0.11217,0.099903,0.094257,0.5928,74.149118,74.880066,2.450128,0.020565,0.148643,4,10,7,6,4,10,7,6,4,10,7,6,4,10,7,6,0.06718,0.1145,0.37475,0.37197,1,1,23:01:2021,11:38:25,171,5.8,-55.2,12.0,lev20,Almucantar,Surinam,57,57.457373,0.1492,0.1121,0.1002,0.0951,0.082,0.0376,0.0219,0.0153,0.0672,0.0745,0.0783,0.0798,0.594872,74.149118,74.880066,2.450128,0.020565,0.148643,4,10,7,6,4,10,7,6,4,10,7,6,4,10,7,6,0.06718,0.1145,0.37475,0.37197,1,1,23:01:2021,11:38:25,171,5.8,-55.2,12.0,lev20,Almucantar,Surinam,57,57.457373,0.025139,0.0157,0.011508,0.009458,1.144058,74.149118,74.880066,2.450128,0.020565,0.148643,4,10,7,6,4,10,7,6,4,10,7,6,4,10,7,6,0.06718,0.1145,0.37475,0.37197,1,1,23:01:2021,11:38:25,171,5.8,-55.2,12.0,lev20,Almucantar,0.5839939917030151,0.13846724048685533,0.43515250336183164,Unclassified,Maritime,,Unknown
27:02:2001,19:49:17,Surinam,58,58.825891,0.983,0.9786,0.9754,0.9729,61.115143,60.387972,2.911084,0.161169,0.09257,3,10,8,5,3,10,8,5,3,10,8,5,3,10,8,5,0.05652,0.09624,0.31887,0.31671,1,1,23:01:2021,11:40:32,171,5.8,-55.2,12.0,lev20,Almucantar,Surinam,58,58.825891,1.3794,1.3818,1.3819,1.3733,0.001807,0.001794,0.001745,0.001721,61.115143,60.387972,2.911084,0.161169,0.09257,3,10,8,5,3,10,8,5,3,10,8,5,3,10,8,5,0.05652,0.09624,0.31887,0.31671,1,1,23:01:2021,11:40:32,171,5.8,-55.2,12.0,lev20,Almucantar,Surinam,58,58.825891,0.09257,0.055197,0.04406,0.043771,1.105471,61.115143,60.387972,2.911084,0.161169,0.09257,3,10,8,5,3,10,8,5,3,10,8,5,3,10,8,5,0.05652,0.09624,0.31887,0.31671,1,1,23:01:2021,11:40:32,171,5.8,-55.2,12.0,lev20,Almucantar,Surinam,58,58.825891,0.0937,0.0569,0.045,0.0409,0.0691,0.0298,0.0161,0.0112,0.0246,0.0271,0.0289,0.0298,1.089236,61.115143,60.387972,2.911084,0.161169,0.09257,3,10,8,5,3,10,8,5,3,10,8,5,3,10,8,5,0.05652,0.09624,0.31887,0.31671,1,1,23:01:2021,11:40:32,171,5.8,-55.2,12.0,lev20,Almucantar,Surinam,58,58.825891,0.025139,0.0157,0.011508,0.009458,1.144058,61.115143,60.387972,2.911084,0.161169,0.09257,3,10,8,5,3,10,8,5,3,10,8,5,3,10,8,5,0.05652,0.09624,0.31887,0.31671,1,1,23:01:2021,11:40:32,171,5.8,-55.2,12.0,lev20,Almucantar,1.0758630078187446,0.08166022111767224,0.6299077824211646,Unclassified,Maritime,,Unknown
27:02:2001,20:32:38,Surinam,58,58.855995,0.983,0.9786,0.9754,0.9729,71.661402,70.929761,2.119688,0.039256,0.103304,4,10,7,6,4,10,7,6,4,10,7,6,4,10,6,5,0.06492,0.10966,0.35742,0.35233,1,1,23:01:2021,11:42:50,171,5.8,-55.2,12.0,lev20,Almucantar,Surinam,58,58.855995,1.3794,1.3818,1.3819,1.3733,0.001807,0.001794,0.001745,0.001721,71.661402,70.929761,2.119688,0.039256,0.103304,4,10,7,6,4,10,7,6,4,10,7,6,4,10,6,5,0.06492,0.10966,0.35742,0.35233,1,1,23:01:2021,11:42:50,171,5.8,-55.2,12.0,lev20,Almucantar,Surinam,58,58.855995,0.103304,0.06086,0.048056,0.045157,1.138641,71.661402,70.929761,2.119688,0.039256,0.103304,4,10,7,6,4,10,7,6,4,10,7,6,4,10,6,5,0.06492,0.10966,0.35742,0.35233,1,1,23:01:2021,11:42:50,171,5.8,-55.2,12.0,lev20,Almucantar,Surinam,58,58.855995,0.104,0.0619,0.0488,0.0446,0.0771,0.0321,0.0168,0.0118,0.0269,0.0297,0.032,0.0327,1.124749,71.661402,70.929761,2.119688,0.039256,0.103304,4,10,7,6,4,10,7,6,4,10,7,6,4,10,6,5,0.06492,0.10966,0.35742,0.35233,1,1,23:01:2021,11:42:50,171,5.8,-55.2,12.0,lev20,Almucantar,Surinam,58,58.855995,0.025139,0.0157,0.011508,0.009458,1.144058,71.661402,70.929761,2.119688,0.039256,0.103304,4,10,7,6,4,10,7,6,4,10,7,6,4,10,6,5,0.06492,0.10966,0.35742,0.35233,1,1,23:01:2021,11:42:50,171,5.8,-55.2,12.0,lev20,Almucantar,1.1099311566634942,0.0902428759487369,0.6268845983037359,Unclassified,Maritime,,Unknown
27:02:2001,20:53:04,Surinam,58,58.870185,0.983,0.9786,0.9754,0.9729,76.646675,75.914776,1.867052,0.028885,0.095599,4,10,7,6,4,10,7,6,4,10,7,6,4,10,7,5,0.07107,0.11942,0.38507,0.3778,1,1,23:01:2021,11:45:05,171,5.8,-55.2,12.0,lev20,Almucantar,Surinam,58,58.870185,1.3794,1.3818,1.3819,1.3733,0.001807,0.001794,0.001745,0.001721,76.646675,75.914776,1.867052,0.028885,0.095599,4,10,7,6,4,10,7,6,4,10,7,6,4,10,7,5,0.07107,0.11942,0.38507,0.3778,1,1,23:01:2021,11:45:05,171,5.8,-55.2,12.0,lev20,Almucantar,Surinam,58,58.870185,0.095599,0.057747,0.046803,0.044165,1.065074,76.646675,75.914776,1.867052,0.028885,0.095599,4,10,7,6,4,10,7,6,4,10,7,6,4,10,7,5,0.07107,0.11942,0.38507,0.3778,1,1,23:01:2021,11:45:05,171,5.8,-55.2,12.0,lev20,Almucantar,Surinam,58,58.870185,0.0962,0.0586,0.0471,0.0433,0.0694,0.0286,0.0156,0.0114,0.0268,0.03,0.0315,0.032,1.062995,76.646675,75.914776,1.867052,0.028885,0.095599,4,10,7,6,4,10,7,6,4,10,7,6,4,10,7,5,0.07107,0.11942,0.38507,0.3778,1,1,23:01:2021,11:45:05,171,5.8,-55.2,12.0,lev20,Almucantar,Surinam,58,58.870185,0.025139,0.0157,0.011508,0.009458,1.144058,76.646675,75.914776,1.867052,0.028885,0.095599,4,10,7,6,4,10,7,6,4,10,7,6,4,10,7,5,0.07107,0.11942,0.38507,0.3778,1,1,23:01:2021,11:45:05,171,5.8,-55.2,12.0,lev20,Almucantar,1.0475825030995198,0.08414263162089983,0.596976908352417,MNA,Maritime,,Unknown
12:03:2001,11:12:45,Surinam,71,71.467187,0.983,0.9786,0.9754,0.9729,69.150496,69.891647,2.759118,0.032843,0.283644,4,10,7,6,4,9,7,4,4,9,6,4,4,9,6,3,0.06238,0.10607,0.35024,0.34836,1,1,23:01:2021,12:27:41,171,5.8,-55.2,12.0,lev20,Almucantar,Surinam,71,71.467187,1.3794,1.3818,1.3819,1.3733,0.001807,0.001794,0.001745,0.001721,69.150496,69.891647,2.759118,0.032843,0.283644,4,10,7,6,4,9,7,4,4,9,6,4,4,9,6,3,0.06238,0.10607,0.35024,0.34836,1,1,23:01:2021,12:27:41,171,5.8,-55.2,12.0,lev20,Almucantar,Surinam,71,71.467187,0.283644,0.252515,0.242583,0.23907,0.234602,69.150496,69.891647,2.759118,0.032843,0.283644,4,10,7,6,4,9,7,4,4,9,6,4,4,9,6,3,0.06238,0.10607,0.35024,0.34836,1,1,23:01:2021,12:27:41,171,5.8,-55.2,12.0,lev20,Almucantar,Surinam,71,71.467187,0.2887,0.2541,0.2442,0.2392,0.1063,0.0525,0.0309,0.0217,0.1825,0.2016,0.2134,0.2174,0.25191,69.150496,69.891647,2.759118,0.032843,0.283644,4,10,7,6,4,9,7,4,4,9,6,4,4,9,6,3,0.06238,0.10607,0.35024,0.34836,1,1,23:01:2021,12:27:41,171,5.8,-55.2,12.0,lev20,Almucantar,Surinam,71,71.467187,0.025139,0.0157,0.011508,0.009458,1.144058,69.150496,69.891647,2.759118,0.032843,0.283644,4,10,7,6,4,9,7,4,4,9,6,4,4,9,6,3,0.06238,0.10607,0.35024,0.34836,1,1,23:01:2021,12:27:41,171,5.8,-55.2,12.0,lev20,Almucantar,0.24555667587190763,0.27977836856480914,0.27921665062740925,CNA,Unclassified,,Unknown
13:03:2001,11:12:15,Surinam,72,72.46684,0.983,0.9786,0.9754,0.9729,69.15669,69.898359,2.827381,0.081909,0.329175,4,10,7,6,4,9,7,6,4,10,7,6,4,10,7,6,0.06245,0.10614,0.35034,0.34846,1,1,23:01:2021,12:42:30,171,5.8,-55.2,12.0,lev20,Almucantar,Surinam,72,72.46684,1.3794,1.3818,1.3819,1.3733,0.001807,0.001794,0.001745,0.001721,69.15669,69.898359,2.827381,0.081909,0.329175,4,10,7,6,4,9,7,6,4,10,7,6,4,10,7,6,0.06245,0.10614,0.35034,0.34846,1,1,23:01:2021,12:42:30,171,5.8,-55.2,12.0,lev20,Almucantar,Surinam,72,72.46684,0.329175,0.287631,0.271475,0.26244,0.287133,69.15669,69.898359,2.827381,0.081909,0.329175,4,10,7,6,4,9,7,6,4,10,7,6,4,10,7,6,0.06245,0.10614,0.35034,0.34846,1,1,23:01:2021,12:42:30,171,5.8,-55.2,12.0,lev20,Almucantar,Surinam,72,72.46684,0.3335,0.2878,0.2718,0.2635,0.1309,0.0635,0.0364,0.0249,0.2026,0.2243,0.2355,0.2387,0.305791,69.15669,69.898359,2.827381,0.081909,0.329175,4,10,7,6,4,9,7,6,4,10,7,6,4,10,7,6,0.06245,0.10614,0.35034,0.34846,1,1,23:01:2021,12:42:30,171,5.8,-55.2,12.0,lev20,Almucantar,Surinam,72,72.46684,0.025139,0.0157,0.011508,0.009458,1.144058,69.15669,69.898359,2.827381,0.081909,0.329175,4,10,7,6,4,9,7,6,4,10,7,6,4,10,7,6,0.06245,0.10614,0.35034,0.34846,1,1,23:01:2021,12:42:30,171,5.8,-55.2,12.0,lev20,Almucantar,0.3000892130976351,0.320948748853925,0.2985236403182033,CNA,Unclassified,,Unknown
14:03:2001,11:11:56,Surinam,73,73.46662,0.983,0.9786,0.9754,0.9729,69.117451,69.859597,1.388693,0.014697,0.237633,4,10,7,6,4,9,7,6,4,10,7,6,4,10,7,5,0.06215,0.10567,0.35005,0.34794,1,1,23:01:2021,12:45:01,171,5.8,-55.2,12.0,lev20,Almucantar,Surinam,73,73.46662,1.3794,1.3818,1.3819,1.3733,0.001807,0.001794,0.001745,0.001721,69.117451,69.859597,1.388693,0.014697,0.237633,4,10,7,6,4,9,7,6,4,10,7,6,4,10,7,5,0.06215,0.10567,0.35005,0.34794,1,1,23:01:2021,12:45:01,171,5.8,-55.2,12.0,lev20,Almucantar,Surinam,73,73.46662,0.237633,0.205192,0.196379,0.192612,0.287272,69.117451,69.859597,1.388693,0.014697,0.237633,4,10,7,6,4,9,7,6,4,10,7,6,4,10,7,5,0.06215,0.10567,0.35005,0.34794,1,1,23:01:2021,12:45:01,171,5.8,-55.2,12.0,lev20,Almucantar,Surinam,73,73.46662,0.2397,0.2059,0.197,0.1932,0.0868,0.039,0.0228,0.0156,0.1528,0.1669,0.1742,0.1777,0.295796,69.117451,69.859597,1.388693,0.014697,0.237633,4,10,7,6,4,9,7,6,4,10,7,6,4,10,7,5,0.06215,0.10567,0.35005,0.34794,1,1,23:01:2021,12:45:01,171,5.8,-55.2,12.0,lev20,Almucantar,Surinam,73,73.46662,0.025139,0.0157,0.011508,0.009458,1.144058,69.117451,69.859597,1.388693,0.014697,0.237633,4,10,7,6,4,9,7,6,4,10,7,6,4,10,7,5,0.06215,0.10567,0.35005,0.34794,1,1,23:01:2021,12:45:01,171,5.8,-55.2,12.0,lev20,Almucantar,0.28777921839427745,0.23104219442789248,0.26576824418972017,CNA,Unclassified,,Unknown
15:03:2001,11:11:26,Surinam,74,74.466273,0.983,0.9786,0.9754,0.9729,69.123551,69.866135,0.784164,0.014286,0.21268,4,10,7,6,4,10,7,6,4,10,7,6,4,10,7,6,0.06229,0.10582,0.35023,0.34812,1,1,23:01:2021,12:39:35,171,5.8,-55.2,12.0,lev20,Almucantar,Surinam,74,74.466273,1.3794,1.3818,1.3819,1.3733,0.001807,0.001794,0.001745,0.001721,69.123551,69.866135,0.784164,0.014286,0.21268,4,10,7,6,4,10,7,6,4,10,7,6,4,10,7,6,0.06229,0.10582,0.35023,0.34812,1,1,23:01:2021,12:39:35,171,5.8,-55.2,12.0,lev20,Almucantar,Surinam,74,74.466273,0.21268,0.186749,0.181073,0.178897,0.243862,69.123551,69.866135,0.784164,0.014286,0.21268,4,10,7,6,4,10,7,6,4,10,7,6,4,10,7,6,0.06229,0.10582,0.35023,0.34812,1,1,23:01:2021,12:39:35,171,5.8,-55.2,12.0,lev20,Almucantar,Surinam,74,74.466273,0.2149,0.1884,0.1821,0.1795,0.074,0.0318,0.0174,0.0119,0.141,0.1566,0.1647,0.1676,0.250494,69.123551,69.866135,0.784164,0.014286,0.21268,4,10,7,6,4,10,7,6,4,10,7,6,4,10,7,6,0.06229,0.10582,0.35023,0.34812,1,1,23:01:2021,12:39:35,171,5.8,-55.2,12.0,lev20,Almucantar,Surinam,74,74.466273,0.025139,0.0157,0.011508,0.009458,1.144058,69.123551,69.866135,0.784164,0.014286,0.21268,4,10,7,6,4,10,7,6,4,10,7,6,4,10,7,6,0.06229,0.10582,0.35023,0.34812,1,1,23:01:2021,12:39:35,171,5.8,-55.2,12.0,lev20,Almucantar,0.24294018810265983,0.20832866239814735,0.24350173908871242,CNA,Unclassified,,Unknown
29:04:2001,10:33:51,Surinam,119,119.440174,0.983,0.9786,0.9754,0.9729,74.3152,75.038008,1.445925,0.026717,0.259463,4,10,7,6,4,9,7,6,4,10,7,6,4,10,7,6,0.06537,0.11278,0.38018,0.37587,1,1,23:01:2021,19:06:25,171,5.8,-55.2,12.0,lev20,Almucantar,Surinam,119,119.440174,1.3794,1.3818,1.3819,1.3733,0.001807,0.001794,0.001745,0.001721,74.3152,75.038008,1.445925,0.026717,0.259463,4,10,7,6,4,9,7,6,4,10,7,6,4,10,7,6,0.06537,0.11278,0.38018,0.37587,1,1,23:01:2021,19:06:25,171,5.8,-55.2,12.0,lev20,Almucantar,Surinam,119,119.440174,0.259463,0.234627,0.228156,0.227847,0.194111,74.3152,75.038008,1.445925,0.026717,0.259463,4,10,7,6,4,9,7,6,4,10,7,6,4,10,7,6,0.06537,0.11278,0.38018,0.37587,1,1,23:01:2021,19:06:25,171,5.8,-55.2,12.0,lev20,Almucantar,Surinam,119,119.440174,0.2634,0.2359,0.2297,0.2281,0.0825,0.0376,0.0216,0.0155,0.1809,0.1982,0.2081,0.2126,0.207414,74.3152,75.038008,1.445925,0.026717,0.259463,4,10,7,6,4,9,7,6,4,10,7,6,4,10,7,6,0.06537,0.11278,0.38018,0.37587,1,1,23:01:2021,19:06:25,171,5.8,-55.2,12.0,lev20,Almucantar,Surinam,119,119.440174,0.025139,0.0157,0.011508,0.009458,1.144058,74.3152,75.038008,1.445925,0.026717,0.259463,4,10,7,6,4,9,7,6,4,10,7,6,4,10,7,6,0.06537,0.11278,0.38018,0.37587,1,1,23:01:2021,19:06:25,171,5.8,-55.2,12.0,lev20,Almucantar,0.20081556049793595,0.25672432894091046,0.22493488502497488,CNA,Unclassified,,Unknown
20:05:2001,10:32:19,Surinam,140,140.439109,0.983,0.9786,0.9754,0.9729,74.357888,75.059765,2.721042,0.0345,0.239543,4,10,7,6,4,8,7,6,4,10,7,6,4,10,7,6,0.06406,0.11073,0.38265,0.37805,1,1,23:01:2021,19:42:14,171,5.8,-55.2,12.0,lev20,Almucantar,Surinam,140,140.439109,1.3794,1.3818,1.3819,1.3733,0.001807,0.001794,0.001745,0.001721,74.357888,75.059765,2.721042,0.0345,0.239543,4,10,7,6,4,8,7,6,4,10,7,6,4,10,7,6,0.06406,0.11073,0.38265,0.37805,1,1,23:01:2021,19:42:14,171,5.8,-55.2,12.0,lev20,Almucantar,Surinam,140,140.439109,0.239543,0.226554,0.220195,0.215842,0.124711,74.357888,75.059765,2.721042,0.0345,0.239543,4,10,7,6,4,8,7,6,4,10,7,6,4,10,7,6,0.06406,0.11073,0.38265,0.37805,1,1,23:01:2021,19:42:14,171,5.8,-55.2,12.0,lev20,Almucantar,Surinam,140,140.439109,0.2419,0.2273,0.221,0.2166,0.0672,0.0346,0.0208,0.0145,0.1747,0.1927,0.2002,0.2021,0.134389,74.357888,75.059765,2.721042,0.0345,0.239543,4,10,7,6,4,8,7,6,4,10,7,6,4,10,7,6,0.06406,0.11073,0.38265,0.37805,1,1,23:01:2021,19:42:14,171,5.8,-55.2,12.0,lev20,Almucantar,Surinam,140,140.439109,0.025139,0.0157,0.011508,0.009458,1.144058,74.357888,75.059765,2.721042,0.0345,0.239543,4,10,7,6,4,8,7,6,4,10,7,6,4,10,7,6,0.06406,0.11073,0.38265,0.37805,1,1,23:01:2021,19:42:14,171,5.8,-55.2,12.0,lev20,Almucantar,0.1325498987066181,0.2378357042871572,0.2084147332581555,CNA,Unclassified,,Unknown
