Date,Time,AOD_Site,AOD_Day_of_Year,AOD_Day_of_Year(Fraction),AOD_Extinction-Total[440nm],AOD_Extinction-Total[675nm],AOD_Extinction-Total[870nm],AOD_Extinction-Total[1020nm],AOD_Extinction-Fine[440nm],AOD_Extinction-Fine[675nm],AOD_Extinction-Fine[870nm],AOD_Extinction-Fine[1020nm],AOD_Extinction-Coarse[440nm],AOD_Extinction-Coarse[675nm],AOD_Extinction-Coarse[870nm],AOD_Extinction-Coarse[1020nm],AOD_Extinction_Angstrom_Exponent_440-870nm-Total,AOD_Average_Solar_Zenith_Angles_for_Flux_Calculation(Degrees),AOD_Solar_Zenith_Angle_for_Measurement_Start(Degrees),AOD_Sky_Residual(%),AOD_Sun_Residual(%),AOD_Coincident_AOD440nm,AOD_Scattering_Angle_Bin_3.2_to_<6_degrees[440nm],AOD_Scattering_Angle_Bin_6_to_<30_degrees[440nm],AOD_Scattering_Angle_Bin_30_to_<80_degrees[440nm],AOD_Scattering_Angle_Bin_80_degrees_and_over[440nm],AOD_Scattering_Angle_Bin_3.2_to_<6_degrees[675nm],AOD_Scattering_Angle_Bin_6_to_<30_degrees[675nm],AOD_Scattering_Angle_Bin_30_to_<80_degrees[675nm],AOD_Scattering_Angle_Bin_80_degrees_and_over[675nm],AOD_Scattering_Angle_Bin_3.2_to_<6_degrees[870nm],AOD_Scattering_Angle_Bin_6_to_<30_degrees[870nm],AOD_Scattering_Angle_Bin_30_to_<80_degrees[870nm],AOD_Scattering_Angle_Bin_80_degrees_and_over[870nm],AOD_Scattering_Angle_Bin_3.2_to_<6_degrees[1020nm],AOD_Scattering_Angle_Bin_6_to_<30_degrees[1020nm],AOD_Scattering_Angle_Bin_30_to_<80_degrees[1020nm],AOD_Scattering_Angle_Bin_80_degrees_and_over[1020nm],AOD_Surface_Albedo[440m],AOD_Surface_Albedo[675m],AOD_Surface_Albedo[870m],AOD_Surface_Albedo[1020m],AOD_If_Retrieval_is_L2(without_L2_0.4_AOD_440_threshold),AOD_If_AOD_is_L2,AOD_Last_Processing_Date(dd:mm:yyyy),AOD_Last_Processing_Time(hh:mm:ss),AOD_Instrument_Number,AOD_Latitude(Degrees),AOD_Longitude(Degrees),AOD_Elevation(m),AOD_Inversion_Data_Quality_Level,AOD_Retrieval_Measurement_Scan_Type,CAD_Site,CAD_Day_of_Year,CAD_Day_of_Year(Fraction),CAD_AOD_Coincident_Input[440nm],CAD_AOD_Coincident_Input[675nm],CAD_AOD_Coincident_Input[870nm],CAD_AOD_Coincident_Input[1020nm],CAD_Angstrom_Exponent_440-870nm_from_Coincident_Input_AOD,CAD_Average_Solar_Zenith_Angles_for_Flux_Calculation(Degrees),CAD_Solar_Zenith_Angle_for_Measurement_Start(Degrees),CAD_Sky_Residual(%),CAD_Sun_Residual(%),CAD_Coincident_AOD440nm,CAD_Scattering_Angle_Bin_3.2_to_<6_degrees[440nm],CAD_Scattering_Angle_Bin_6_to_<30_degrees[440nm],CAD_Scattering_Angle_Bin_30_to_<80_degrees[440nm],CAD_Scattering_Angle_Bin_80_degrees_and_over[440nm],CAD_Scattering_Angle_Bin_3.2_to_<6_degrees[675nm],CAD_Scattering_Angle_Bin_6_to_<30_degrees[675nm],CAD_Scattering_Angle_Bin_30_to_<80_degrees[675nm],CAD_Scattering_Angle_Bin_80_degrees_and_over[675nm],CAD_Scattering_Angle_Bin_3.2_to_<6_degrees[870nm],CAD_Scattering_Angle_Bin_6_to_<30_degrees[870nm],CAD_Scattering_Angle_Bin_30_to_<80_degrees[870nm],CAD_Scattering_Angle_Bin_80_degrees_and_over[870nm],CAD_Scattering_Angle_Bin_3.2_to_<6_degrees[1020nm],CAD_Scattering_Angle_Bin_6_to_<30_degrees[1020nm],CAD_Scattering_Angle_Bin_30_to_<80_degrees[1020nm],CAD_Scattering_Angle_Bin_80_degrees_and_over[1020nm],CAD_Surface_Albedo[440m],CAD_Surface_Albedo[675m],CAD_Surface_Albedo[870m],CAD_Surface_Albedo[1020m],CAD_If_Retrieval_is_L2(without_L2_0.4_AOD_440_threshold),CAD_If_AOD_is_L2,CAD_Last_Processing_Date(dd:mm:yyyy),CAD_Last_Processing_Time(hh:mm:ss),CAD_Instrument_Number,CAD_Latitude(Degrees),CAD_Longitude(Degrees),CAD_Elevation(m),CAD_Inversion_Data_Quality_Level,CAD_Retrieval_Measurement_Scan_Type,RIN_Site,RIN_Day_of_Year,RIN_Day_of_Year(Fraction),RIN_Refractive_Index-Real_Part[440nm],RIN_Refractive_Index-Real_Part[675nm],RIN_Refractive_Index-Real_Part[870nm],RIN_Refractive_Index-Real_Part[1020nm],RIN_Refractive_Index-Imaginary_Part[440nm],RIN_Refractive_Index-Imaginary_Part[675nm],RIN_Refractive_Index-Imaginary_Part[870nm],RIN_Refractive_Index-Imaginary_Part[1020nm],RIN_Average_Solar_Zenith_Angles_for_Flux_Calculation(Degrees),RIN_Solar_Zenith_Angle_for_Measurement_Start(Degrees),RIN_Sky_Residual(%),RIN_Sun_Residual(%),RIN_Coincident_AOD440nm,RIN_Scattering_Angle_Bin_3.2_to_<6_degrees[440nm],RIN_Scattering_Angle_Bin_6_to_<30_degrees[440nm],RIN_Scattering_Angle_Bin_30_to_<80_degrees[440nm],RIN_Scattering_Angle_Bin_80_degrees_and_over[440nm],RIN_Scattering_Angle_Bin_3.2_to_<6_degrees[675nm],RIN_Scattering_Angle_Bin_6_to_<30_degrees[675nm],RIN_Scattering_Angle_Bin_30_to_<80_degrees[675nm],RIN_Scattering_Angle_Bin_80_degrees_and_over[675nm],RIN_Scattering_Angle_Bin_3.2_to_<6_degrees[870nm],RIN_Scattering_Angle_Bin_6_to_<30_degrees[870nm],RIN_Scattering_Angle_Bin_30_to_<80_degrees[870nm],RIN_Scattering_Angle_Bin_80_degrees_and_over[870nm],RIN_Scattering_Angle_Bin_3.2_to_<6_degrees[1020nm],RIN_Scattering_Angle_Bin_6_to_<30_degrees[1020nm],RIN_Scattering_Angle_Bin_30_to_<80_degrees[1020nm],RIN_Scattering_Angle_Bin_80_degrees_and_over[1020nm],RIN_Surface_Albedo[440m],RIN_Surface_Albedo[675m],RIN_Surface_Albedo[870m],RIN_Surface_Albedo[1020m],RIN_If_Retrieval_is_L2(without_L2_0.4_AOD_440_threshold),RIN_If_AOD_is_L2,RIN_Last_Processing_Date(dd:mm:yyyy),RIN_Last_Processing_Time(hh:mm:ss),RIN_Instrument_Number,RIN_Latitude(Degrees),RIN_Longitude(Degrees),RIN_Elevation(m),RIN_Inversion_Data_Quality_Level,RIN_Retrieval_Measurement_Scan_Type,SSA_Site,SSA_Day_of_Year,SSA_Day_of_Year(Fraction),Single_Scattering_Albedo[440nm],Single_Scattering_Albedo[675nm],Single_Scattering_Albedo[870nm],Single_Scattering_Albedo[1020nm],SSA_Average_Solar_Zenith_Angles_for_Flux_Calculation(Degrees),SSA_Solar_Zenith_Angle_for_Measurement_Start(Degrees),SSA_Sky_Residual(%),SSA_Sun_Residual(%),SSA_Coincident_AOD440nm,SSA_Scattering_Angle_Bin_3.2_to_<6_degrees[440nm],SSA_Scattering_Angle_Bin_6_to_<30_degrees[440nm],SSA_Scattering_Angle_Bin_30_to_<80_degrees[440nm],SSA_Scattering_Angle_Bin_80_degrees_and_over[440nm],SSA_Scattering_Angle_Bin_3.2_to_<6_degrees[675nm],SSA_Scattering_Angle_Bin_6_to_<30_degrees[675nm],SSA_Scattering_Angle_Bin_30_to_<80_degrees[675nm],SSA_Scattering_Angle_Bin_80_degrees_and_over[675nm],SSA_Scattering_Angle_Bin_3.2_to_<6_degrees[870nm],SSA_Scattering_Angle_Bin_6_to_<30_degrees[870nm],SSA_Scattering_Angle_Bin_30_to_<80_degrees[870nm],SSA_Scattering_Angle_Bin_80_degrees_and_over[870nm],SSA_Scattering_Angle_Bin_3.2_to_<6_degrees[1020nm],SSA_Scattering_Angle_Bin_6_to_<30_degrees[1020nm],SSA_Scattering_Angle_Bin_30_to_<80_degrees[1020nm],SSA_Scattering_Angle_Bin_80_degrees_and_over[1020nm],SSA_Surface_Albedo[440m],SSA_Surface_Albedo[675m],SSA_Surface_Albedo[870m],SSA_Surface_Albedo[1020m],SSA_If_Retrieval_is_L2(without_L2_0.4_AOD_440_threshold),SSA_If_AOD_is_L2,SSA_Last_Processing_Date(dd:mm:yyyy),SSA_Last_Processing_Time(hh:mm:ss),SSA_Instrument_Number,SSA_Latitude(Degrees),SSA_Longitude(Degrees),SSA_Elevation(m),SSA_Inversion_Data_Quality_Level,SSA_Retrieval_Measurement_Scan_Type,TAB_Site,TAB_Day_of_Year,TAB_Day_of_Year(Fraction),TAB_Absorption_AOD[440nm],TAB_Absorption_AOD[675nm],TAB_Absorption_AOD[870nm],TAB_Absorption_AOD[1020nm],TAB_Absorption_Angstrom_Exponent_440-870nm,TAB_Average_Solar_Zenith_Angles_for_Flux_Calculation(Degrees),TAB_Solar_Zenith_Angle_for_Measurement_Start(Degrees),TAB_Sky_Residual(%),TAB_Sun_Residual(%),TAB_Coincident_AOD440nm,TAB_Scattering_Angle_Bin_3.2_to_<6_degrees[440nm],TAB_Scattering_Angle_Bin_6_to_<30_degrees[440nm],TAB_Scattering_Angle_Bin_30_to_<80_degrees[440nm],TAB_Scattering_Angle_Bin_80_degrees_and_over[440nm],TAB_Scattering_Angle_Bin_3.2_to_<6_degrees[675nm],TAB_Scattering_Angle_Bin_6_to_<30_degrees[675nm],TAB_Scattering_Angle_Bin_30_to_<80_degrees[675nm],TAB_Scattering_Angle_Bin_80_degrees_and_over[675nm],TAB_Scattering_Angle_Bin_3.2_to_<6_degrees[870nm],TAB_Scattering_Angle_Bin_6_to_<30_degrees[870nm],TAB_Scattering_Angle_Bin_30_to_<80_degrees[870nm],TAB_Scattering_Angle_Bin_80_degrees_and_over[870nm],TAB_Scattering_Angle_Bin_3.2_to_<6_degrees[1020nm],TAB_Scattering_Angle_Bin_6_to_<30_degrees[1020nm],TAB_Scattering_Angle_Bin_30_to_<80_degrees[1020nm],TAB_Scattering_Angle_Bin_80_degrees_and_over[1020nm],TAB_Surface_Albedo[440m],TAB_Surface_Albedo[675m],TAB_Surface_Albedo[870m],TAB_Surface_Albedo[1020m],TAB_If_Retrieval_is_L2(without_L2_0.4_AOD_440_threshold),TAB_If_AOD_is_L2,TAB_Last_Processing_Date(dd:mm:yyyy),TAB_Last_Processing_Time(hh:mm:ss),TAB_Instrument_Number,TAB_Latitude(Degrees),TAB_Longitude(Degrees),TAB_Elevation(m),TAB_Inversion_Data_Quality_Level,TAB_Retrieval_Measurement_Scan_Type,AE,AOD_Extinction-Total[500nm],FMF,Label,Source,Day_of_Year,Season
10:08:2017,17:47:58,Natal,222,222.741644,0.0617,0.0504,0.0445,0.041,0.0353,0.0216,0.0142,0.0102,0.0265,0.0289,0.0303,0.0308,0.473832,54.950963,54.267471,4.859036,0.280992,0.059844,4,10,8,4,4,10,8,4,4,10,8,4,4,10,8,4,0.05935,0.09974,0.2254,0.22724,1,1,12:12:2023,23:33:01,752,-5.8415,-35.1995,40.0,lev20,Almucantar,Natal,222,222.741644,0.059844,0.051026,0.048569,0.044444,0.310027,54.950963,54.267471,4.859036,0.280992,0.059844,4,10,8,4,4,10,8,4,4,10,8,4,4,10,8,4,0.05935,0.09974,0.2254,0.22724,1,1,12:12:2023,23:33:01,752,-5.8415,-35.1995,40.0,lev20,Almucantar,Natal,222,222.741644,,,,,,,,,54.950963,54.267471,4.859036,0.280992,0.059844,4,10,8,4,4,10,8,4,4,10,8,4,4,10,8,4,0.05935,0.09974,0.2254,0.22724,1,1,12:12:2023,23:33:01,752,-5.8415,-35.1995,40.0,lev20,Almucantar,Natal,222,222.741644,,,,,54.950963,54.267471,4.859036,0.280992,0.059844,4,10,8,4,4,10,8,4,4,10,8,4,4,10,8,4,0.05935,0.09974,0.2254,0.22724,1,1,12:12:2023,23:33:01,752,-5.8415,-35.1995,40.0,lev20,Almucantar,Natal,222,222.741644,,,,,,54.950963,54.267471,4.859036,0.280992,0.059844,4,10,8,4,4,10,8,4,4,10,8,4,4,10,8,4,0.05935,0.09974,0.2254,0.22724,1,1,12:12:2023,23:33:01,752,-5.8415,-35.1995,40.0,lev20,Almucantar,0.47936904903722316,0.05803257954728921,0.5033602248063689,Unclassified,Unclassified,,Unknown
10:08:2017,18:59:33,Natal,222,222.791354,0.0599,0.0488,0.0431,0.0402,0.0427,0.031,0.0247,0.0214,0.0172,0.0178,0.0184,0.0188,0.477543,71.585574,70.879348,4.309066,0.06224,0.060215,4,10,7,6,4,10,7,6,4,10,7,6,4,10,7,6,0.08564,0.13044,0.27477,0.27036,1,1,12:12:2023,23:36:24,752,-5.8415,-35.1995,40.0,lev20,Almucantar,Natal,222,222.791354,0.060215,0.047815,0.043754,0.039608,0.471038,71.585574,70.879348,4.309066,0.06224,0.060215,4,10,7,6,4,10,7,6,4,10,7,6,4,10,7,6,0.08564,0.13044,0.27477,0.27036,1,1,12:12:2023,23:36:24,752,-5.8415,-35.1995,40.0,lev20,Almucantar,Natal,222,222.791354,,,,,,,,,71.585574,70.879348,4.309066,0.06224,0.060215,4,10,7,6,4,10,7,6,4,10,7,6,4,10,7,6,0.08564,0.13044,0.27477,0.27036,1,1,12:12:2023,23:36:24,752,-5.8415,-35.1995,40.0,lev20,Almucantar,Natal,222,222.791354,,,,,71.585574,70.879348,4.309066,0.06224,0.060215,4,10,7,6,4,10,7,6,4,10,7,6,4,10,7,6,0.08564,0.13044,0.27477,0.27036,1,1,12:12:2023,23:36:24,752,-5.8415,-35.1995,40.0,lev20,Almucantar,Natal,222,222.791354,,,,,,71.585574,70.879348,4.309066,0.06224,0.060215,4,10,7,6,4,10,7,6,4,10,7,6,4,10,7,6,0.08564,0.13044,0.27477,0.27036,1,1,12:12:2023,23:36:24,752,-5.8415,-35.1995,40.0,lev20,Almucantar,0.4828290788374511,0.056314656851840575,0.6751732753799061,Unclassified,Unclassified,,Unknown
10:08:2017,19:21:13,Natal,222,222.8064,0.0634,0.0481,0.0417,0.0387,0.0365,0.0183,0.0108,0.0077,0.0269,0.0299,0.031,0.031,0.611575,76.698211,75.989383,4.535239,0.057327,0.063323,4,10,7,6,4,10,7,6,4,10,7,6,4,10,7,6,0.10107,0.14824,0.30253,0.29486,1,1,12:12:2023,23:38:13,752,-5.8415,-35.1995,40.0,lev20,Almucantar,Natal,222,222.8064,0.063323,0.04719,0.042489,0.038377,0.590022,76.698211,75.989383,4.535239,0.057327,0.063323,4,10,7,6,4,10,7,6,4,10,7,6,4,10,7,6,0.10107,0.14824,0.30253,0.29486,1,1,12:12:2023,23:38:13,752,-5.8415,-35.1995,40.0,lev20,Almucantar,Natal,222,222.8064,,,,,,,,,76.698211,75.989383,4.535239,0.057327,0.063323,4,10,7,6,4,10,7,6,4,10,7,6,4,10,7,6,0.10107,0.14824,0.30253,0.29486,1,1,12:12:2023,23:38:13,752,-5.8415,-35.1995,40.0,lev20,Almucantar,Natal,222,222.8064,,,,,76.698211,75.989383,4.535239,0.057327,0.063323,4,10,7,6,4,10,7,6,4,10,7,6,4,10,7,6,0.10107,0.14824,0.30253,0.29486,1,1,12:12:2023,23:38:13,752,-5.8415,-35.1995,40.0,lev20,Almucantar,Natal,222,222.8064,,,,,,76.698211,75.989383,4.535239,0.057327,0.063323,4,10,7,6,4,10,7,6,4,10,7,6,4,10,7,6,0.10107,0.14824,0.30253,0.29486,1,1,12:12:2023,23:38:13,752,-5.8415,-35.1995,40.0,lev20,Almucantar,0.6145685382148208,0.05860977509574752,0.47317306511470114,MA,Maritime,,Unknown
12:08:2017,17:48:37,Natal,224,224.742095,0.1302,0.0981,0.0747,0.065,0.0995,0.0649,0.0393,0.0288,0.0307,0.0332,0.0355,0.0362,0.790737,54.986144,54.298615,3.729462,0.307519,0.127315,4,10,8,4,4,10,8,4,4,10,8,4,4,10,8,4,0.05933,0.09974,0.22542,0.22726,1,1,12:12:2023,23:27:18,752,-5.8415,-35.1995,40.0,lev20,Almucantar,Natal,224,224.742095,0.127315,0.102839,0.075093,0.063427,0.737841,54.986144,54.298615,3.729462,0.307519,0.127315,4,10,8,4,4,10,8,4,4,10,8,4,4,10,8,4,0.05933,0.09974,0.22542,0.22726,1,1,12:12:2023,23:27:18,752,-5.8415,-35.1995,40.0,lev20,Almucantar,Natal,224,224.742095,,,,,,,,,54.986144,54.298615,3.729462,0.307519,0.127315,4,10,8,4,4,10,8,4,4,10,8,4,4,10,8,4,0.05933,0.09974,0.22542,0.22726,1,1,12:12:2023,23:27:18,752,-5.8415,-35.1995,40.0,lev20,Almucantar,Natal,224,224.742095,,,,,54.986144,54.298615,3.729462,0.307519,0.127315,4,10,8,4,4,10,8,4,4,10,8,4,4,10,8,4,0.05933,0.09974,0.22542,0.22726,1,1,12:12:2023,23:27:18,752,-5.8415,-35.1995,40.0,lev20,Almucantar,Natal,224,224.742095,,,,,,54.986144,54.298615,3.729462,0.307519,0.127315,4,10,8,4,4,10,8,4,4,10,8,4,4,10,8,4,0.05933,0.09974,0.22542,0.22726,1,1,12:12:2023,23:27:18,752,-5.8415,-35.1995,40.0,lev20,Almucantar,0.814986904529354,0.11731811842787446,0.7191323636528333,Unclassified,Maritime,,Unknown
12:08:2017,18:59:50,Natal,224,224.791551,0.1032,0.0773,0.061,0.0524,0.0851,0.0584,0.0411,0.0318,0.0181,0.0189,0.0199,0.0206,0.753468,71.61155,70.902697,3.557962,0.12665,0.103909,4,10,7,6,4,10,7,6,4,10,7,6,4,9,6,6,0.08468,0.12951,0.27392,0.26948,1,1,12:12:2023,23:30:35,752,-5.8415,-35.1995,40.0,lev20,Almucantar,Natal,224,224.791551,0.103909,0.079219,0.061093,0.051427,0.756065,71.61155,70.902697,3.557962,0.12665,0.103909,4,10,7,6,4,10,7,6,4,10,7,6,4,9,6,6,0.08468,0.12951,0.27392,0.26948,1,1,12:12:2023,23:30:35,752,-5.8415,-35.1995,40.0,lev20,Almucantar,Natal,224,224.791551,,,,,,,,,71.61155,70.902697,3.557962,0.12665,0.103909,4,10,7,6,4,10,7,6,4,10,7,6,4,9,6,6,0.08468,0.12951,0.27392,0.26948,1,1,12:12:2023,23:30:35,752,-5.8415,-35.1995,40.0,lev20,Almucantar,Natal,224,224.791551,,,,,71.61155,70.902697,3.557962,0.12665,0.103909,4,10,7,6,4,10,7,6,4,10,7,6,4,9,6,6,0.08468,0.12951,0.27392,0.26948,1,1,12:12:2023,23:30:35,752,-5.8415,-35.1995,40.0,lev20,Almucantar,Natal,224,224.791551,,,,,,71.61155,70.902697,3.557962,0.12665,0.103909,4,10,7,6,4,10,7,6,4,10,7,6,4,9,6,6,0.08468,0.12951,0.27392,0.26948,1,1,12:12:2023,23:30:35,752,-5.8415,-35.1995,40.0,lev20,Almucantar,0.7712787619034858,0.09351049617398065,0.795800279692087,Unclassified,Maritime,,Unknown
12:08:2017,19:21:33,Natal,224,224.806632,0.0988,0.0745,0.0597,0.0524,0.0703,0.0431,0.0263,0.0187,0.0284,0.0314,0.0335,0.0337,0.723224,76.754036,76.042811,4.449074,0.070274,0.098934,4,10,7,6,4,10,7,6,4,10,7,6,4,10,7,6,0.09962,0.14686,0.30135,0.29354,1,1,12:12:2023,23:32:09,752,-5.8415,-35.1995,40.0,lev20,Almucantar,Natal,224,224.806632,0.098934,0.074138,0.060307,0.051138,0.713371,76.754036,76.042811,4.449074,0.070274,0.098934,4,10,7,6,4,10,7,6,4,10,7,6,4,10,7,6,0.09962,0.14686,0.30135,0.29354,1,1,12:12:2023,23:32:09,752,-5.8415,-35.1995,40.0,lev20,Almucantar,Natal,224,224.806632,,,,,,,,,76.754036,76.042811,4.449074,0.070274,0.098934,4,10,7,6,4,10,7,6,4,10,7,6,4,10,7,6,0.09962,0.14686,0.30135,0.29354,1,1,12:12:2023,23:32:09,752,-5.8415,-35.1995,40.0,lev20,Almucantar,Natal,224,224.806632,,,,,76.754036,76.042811,4.449074,0.070274,0.098934,4,10,7,6,4,10,7,6,4,10,7,6,4,10,7,6,0.09962,0.14686,0.30135,0.29354,1,1,12:12:2023,23:32:09,752,-5.8415,-35.1995,40.0,lev20,Almucantar,Natal,224,224.806632,,,,,,76.754036,76.042811,4.449074,0.070274,0.098934,4,10,7,6,4,10,7,6,4,10,7,6,4,10,7,6,0.09962,0.14686,0.30135,0.29354,1,1,12:12:2023,23:32:09,752,-5.8415,-35.1995,40.0,lev20,Almucantar,0.7389642435031138,0.08989419018483759,0.6503712007099417,Unclassified,Maritime,,Unknown
27:08:2017,19:00:31,Natal,239,239.792025,0.0902,0.0801,0.0745,0.0713,0.035,0.019,0.0113,0.008,0.0552,0.0612,0.0632,0.0634,0.277364,71.73679,71.009907,3.755012,0.160636,0.089358,4,10,7,6,3,8,7,5,4,8,7,6,4,7,6,6,0.08633,0.13178,0.26901,0.26596,1,1,12:12:2023,23:33:54,752,-5.8415,-35.1995,40.0,lev20,Almucantar,Natal,239,239.792025,0.089358,0.078469,0.075965,0.068603,0.242625,71.73679,71.009907,3.755012,0.160636,0.089358,4,10,7,6,3,8,7,5,4,8,7,6,4,7,6,6,0.08633,0.13178,0.26901,0.26596,1,1,12:12:2023,23:33:54,752,-5.8415,-35.1995,40.0,lev20,Almucantar,Natal,239,239.792025,,,,,,,,,71.73679,71.009907,3.755012,0.160636,0.089358,4,10,7,6,3,8,7,5,4,8,7,6,4,7,6,6,0.08633,0.13178,0.26901,0.26596,1,1,12:12:2023,23:33:54,752,-5.8415,-35.1995,40.0,lev20,Almucantar,Natal,239,239.792025,,,,,71.73679,71.009907,3.755012,0.160636,0.089358,4,10,7,6,3,8,7,5,4,8,7,6,4,7,6,6,0.08633,0.13178,0.26901,0.26596,1,1,12:12:2023,23:33:54,752,-5.8415,-35.1995,40.0,lev20,Almucantar,Natal,239,239.792025,,,,,,71.73679,71.009907,3.755012,0.160636,0.089358,4,10,7,6,3,8,7,5,4,8,7,6,4,7,6,6,0.08633,0.13178,0.26901,0.26596,1,1,12:12:2023,23:33:54,752,-5.8415,-35.1995,40.0,lev20,Almucantar,0.2805121262877724,0.08702284028545475,0.3069549658649376,CA,Unclassified,,Unknown
29:08:2017,17:51:43,Natal,241,241.744248,0.1017,0.082,0.0734,0.0687,0.0587,0.0347,0.0228,0.0169,0.0429,0.0473,0.0506,0.0518,0.476107,55.142576,54.424104,3.672113,0.329629,0.100499,4,10,8,4,4,10,8,4,4,10,8,4,4,10,8,4,0.06038,0.10079,0.21821,0.22269,1,1,12:12:2023,23:37:42,752,-5.8415,-35.1995,40.0,lev20,Almucantar,Natal,241,241.744248,0.100499,0.081775,0.079273,0.065934,0.35845,55.142576,54.424104,3.672113,0.329629,0.100499,4,10,8,4,4,10,8,4,4,10,8,4,4,10,8,4,0.06038,0.10079,0.21821,0.22269,1,1,12:12:2023,23:37:42,752,-5.8415,-35.1995,40.0,lev20,Almucantar,Natal,241,241.744248,,,,,,,,,55.142576,54.424104,3.672113,0.329629,0.100499,4,10,8,4,4,10,8,4,4,10,8,4,4,10,8,4,0.06038,0.10079,0.21821,0.22269,1,1,12:12:2023,23:37:42,752,-5.8415,-35.1995,40.0,lev20,Almucantar,Natal,241,241.744248,,,,,55.142576,54.424104,3.672113,0.329629,0.100499,4,10,8,4,4,10,8,4,4,10,8,4,4,10,8,4,0.06038,0.10079,0.21821,0.22269,1,1,12:12:2023,23:37:42,752,-5.8415,-35.1995,40.0,lev20,Almucantar,Natal,241,241.744248,,,,,,55.142576,54.424104,3.672113,0.329629,0.100499,4,10,8,4,4,10,8,4,4,10,8,4,4,10,8,4,0.06038,0.10079,0.21821,0.22269,1,1,12:12:2023,23:37:42,752,-5.8415,-35.1995,40.0,lev20,Almucantar,0.4783548850962661,0.0956673993061317,0.5005280956087456,Unclassified,Unclassified,,Unknown
01:09:2017,18:16:57,Natal,244,244.761771,0.1216,0.0938,0.0764,0.0692,0.0808,0.049,0.0284,0.0207,0.0408,0.0449,0.048,0.0485,0.667007,61.22247,60.495026,2.906078,0.233441,0.120797,3,10,8,5,3,10,8,5,3,10,8,5,2,10,8,5,0.06666,0.10815,0.22998,0.23302,1,1,12:12:2023,23:39:26,752,-5.8415,-35.1995,40.0,lev20,Almucantar,Natal,244,244.761771,0.120797,0.096171,0.076658,0.065975,0.646316,61.22247,60.495026,2.906078,0.233441,0.120797,3,10,8,5,3,10,8,5,3,10,8,5,2,10,8,5,0.06666,0.10815,0.22998,0.23302,1,1,12:12:2023,23:39:26,752,-5.8415,-35.1995,40.0,lev20,Almucantar,Natal,244,244.761771,,,,,,,,,61.22247,60.495026,2.906078,0.233441,0.120797,3,10,8,5,3,10,8,5,3,10,8,5,2,10,8,5,0.06666,0.10815,0.22998,0.23302,1,1,12:12:2023,23:39:26,752,-5.8415,-35.1995,40.0,lev20,Almucantar,Natal,244,244.761771,,,,,61.22247,60.495026,2.906078,0.233441,0.120797,3,10,8,5,3,10,8,5,3,10,8,5,2,10,8,5,0.06666,0.10815,0.22998,0.23302,1,1,12:12:2023,23:39:26,752,-5.8415,-35.1995,40.0,lev20,Almucantar,Natal,244,244.761771,,,,,,61.22247,60.495026,2.906078,0.233441,0.120797,3,10,8,5,3,10,8,5,3,10,8,5,2,10,8,5,0.06666,0.10815,0.22998,0.23302,1,1,12:12:2023,23:39:26,752,-5.8415,-35.1995,40.0,lev20,Almucantar,0.681739286472995,0.11145132383543709,0.5952458636822973,MA,Maritime,,Unknown
01:09:2017,19:00:17,Natal,244,244.791863,0.1191,0.0936,0.0757,0.068,0.0783,0.0493,0.0278,0.0191,0.0407,0.0443,0.0479,0.0489,0.647434,71.768073,71.03623,2.653204,0.072191,0.118669,4,10,7,6,4,10,7,6,4,10,7,6,4,10,7,6,0.08524,0.12973,0.26325,0.2625,1,1,12:12:2023,23:23:41,752,-5.8415,-35.1995,40.0,lev20,Almucantar,Natal,244,244.791863,0.118669,0.093491,0.076132,0.067294,0.634732,71.768073,71.03623,2.653204,0.072191,0.118669,4,10,7,6,4,10,7,6,4,10,7,6,4,10,7,6,0.08524,0.12973,0.26325,0.2625,1,1,12:12:2023,23:23:41,752,-5.8415,-35.1995,40.0,lev20,Almucantar,Natal,244,244.791863,,,,,,,,,71.768073,71.03623,2.653204,0.072191,0.118669,4,10,7,6,4,10,7,6,4,10,7,6,4,10,7,6,0.08524,0.12973,0.26325,0.2625,1,1,12:12:2023,23:23:41,752,-5.8415,-35.1995,40.0,lev20,Almucantar,Natal,244,244.791863,,,,,71.768073,71.03623,2.653204,0.072191,0.118669,4,10,7,6,4,10,7,6,4,10,7,6,4,10,7,6,0.08524,0.12973,0.26325,0.2625,1,1,12:12:2023,23:23:41,752,-5.8415,-35.1995,40.0,lev20,Almucantar,Natal,244,244.791863,,,,,,71.768073,71.03623,2.653204,0.072191,0.118669,4,10,7,6,4,10,7,6,4,10,7,6,4,10,7,6,0.08524,0.12973,0.26325,0.2625,1,1,12:12:2023,23:23:41,752,-5.8415,-35.1995,40.0,lev20,Almucantar,0.6647690007894326,0.10939703789585757,0.5988927942985948,MA,Maritime,,Unknown
01:09:2017,19:27:38,Natal,244,244.810856,0.1178,0.092,0.0754,0.0681,0.0743,0.0443,0.0243,0.0166,0.0435,0.0477,0.051,0.0516,0.639864,78.441623,77.710041,3.1172,0.034381,0.117373,4,10,7,6,4,10,7,6,4,10,7,6,4,10,7,6,0.10588,0.15336,0.2988,0.29383,1,1,12:12:2023,23:25:23,752,-5.8415,-35.1995,40.0,lev20,Almucantar,Natal,244,244.810856,0.117373,0.091446,0.075333,0.0671,0.636885,78.441623,77.710041,3.1172,0.034381,0.117373,4,10,7,6,4,10,7,6,4,10,7,6,4,10,7,6,0.10588,0.15336,0.2988,0.29383,1,1,12:12:2023,23:25:23,752,-5.8415,-35.1995,40.0,lev20,Almucantar,Natal,244,244.810856,,,,,,,,,78.441623,77.710041,3.1172,0.034381,0.117373,4,10,7,6,4,10,7,6,4,10,7,6,4,10,7,6,0.10588,0.15336,0.2988,0.29383,1,1,12:12:2023,23:25:23,752,-5.8415,-35.1995,40.0,lev20,Almucantar,Natal,244,244.810856,,,,,78.441623,77.710041,3.1172,0.034381,0.117373,4,10,7,6,4,10,7,6,4,10,7,6,4,10,7,6,0.10588,0.15336,0.2988,0.29383,1,1,12:12:2023,23:25:23,752,-5.8415,-35.1995,40.0,lev20,Almucantar,Natal,244,244.810856,,,,,,78.441623,77.710041,3.1172,0.034381,0.117373,4,10,7,6,4,10,7,6,4,10,7,6,4,10,7,6,0.10588,0.15336,0.2988,0.29383,1,1,12:12:2023,23:25:23,752,-5.8415,-35.1995,40.0,lev20,Almucantar,0.6544944961792425,0.10834515742164091,0.560000375632016,MA,Maritime,,Unknown
02:09:2017,10:54:01,Natal,245,245.454178,0.1511,0.1127,0.0908,0.0821,0.1032,0.0607,0.0353,0.0254,0.0479,0.052,0.0555,0.0567,0.733052,52.492592,53.21526,3.798274,0.236158,0.14832,3,10,8,4,3,10,6,4,3,10,8,4,4,10,8,4,0.05781,0.09819,0.21471,0.22106,1,1,12:12:2023,23:27:35,752,-5.8415,-35.1995,40.0,lev20,Almucantar,Natal,245,245.454178,0.14832,0.11569,0.092099,0.080061,0.679556,52.492592,53.21526,3.798274,0.236158,0.14832,3,10,8,4,3,10,6,4,3,10,8,4,4,10,8,4,0.05781,0.09819,0.21471,0.22106,1,1,12:12:2023,23:27:35,752,-5.8415,-35.1995,40.0,lev20,Almucantar,Natal,245,245.454178,,,,,,,,,52.492592,53.21526,3.798274,0.236158,0.14832,3,10,8,4,3,10,6,4,3,10,8,4,4,10,8,4,0.05781,0.09819,0.21471,0.22106,1,1,12:12:2023,23:27:35,752,-5.8415,-35.1995,40.0,lev20,Almucantar,Natal,245,245.454178,,,,,52.492592,53.21526,3.798274,0.236158,0.14832,3,10,8,4,3,10,6,4,3,10,8,4,4,10,8,4,0.05781,0.09819,0.21471,0.22106,1,1,12:12:2023,23:27:35,752,-5.8415,-35.1995,40.0,lev20,Almucantar,Natal,245,245.454178,,,,,,52.492592,53.21526,3.798274,0.236158,0.14832,3,10,8,4,3,10,6,4,3,10,8,4,4,10,8,4,0.05781,0.09819,0.21471,0.22106,1,1,12:12:2023,23:27:35,752,-5.8415,-35.1995,40.0,lev20,Almucantar,0.7470570258461282,0.13733772673446146,0.6143430352099929,Unclassified,Maritime,,Unknown
02:09:2017,17:51:59,Natal,245,245.744433,0.1483,0.1104,0.091,0.081,0.1078,0.0664,0.0441,0.0329,0.0405,0.044,0.0469,0.0482,0.706364,55.180903,54.456433,3.953374,0.439655,0.143408,4,10,8,4,4,10,7,4,4,10,6,4,4,10,8,4,0.06038,0.10079,0.21824,0.22272,1,1,12:12:2023,23:30:54,752,-5.8415,-35.1995,40.0,lev20,Almucantar,Natal,245,245.744433,0.143408,0.116705,0.092865,0.079876,0.61471,55.180903,54.456433,3.953374,0.439655,0.143408,4,10,8,4,4,10,7,4,4,10,6,4,4,10,8,4,0.06038,0.10079,0.21824,0.22272,1,1,12:12:2023,23:30:54,752,-5.8415,-35.1995,40.0,lev20,Almucantar,Natal,245,245.744433,,,,,,,,,55.180903,54.456433,3.953374,0.439655,0.143408,4,10,8,4,4,10,7,4,4,10,6,4,4,10,8,4,0.06038,0.10079,0.21824,0.22272,1,1,12:12:2023,23:30:54,752,-5.8415,-35.1995,40.0,lev20,Almucantar,Natal,245,245.744433,,,,,55.180903,54.456433,3.953374,0.439655,0.143408,4,10,8,4,4,10,7,4,4,10,6,4,4,10,8,4,0.06038,0.10079,0.21824,0.22272,1,1,12:12:2023,23:30:54,752,-5.8415,-35.1995,40.0,lev20,Almucantar,Natal,245,245.744433,,,,,,55.180903,54.456433,3.953374,0.439655,0.143408,4,10,8,4,4,10,7,4,4,10,6,4,4,10,8,4,0.06038,0.10079,0.21824,0.22272,1,1,12:12:2023,23:30:54,752,-5.8415,-35.1995,40.0,lev20,Almucantar,0.7163921084169116,0.13532217686831477,0.6689599776135128,Unclassified,Maritime,,Unknown
02:09:2017,18:16:57,Natal,245,245.761771,0.1317,0.1012,0.0803,0.071,0.0925,0.0587,0.0344,0.0241,0.0392,0.0425,0.0459,0.0469,0.70692,61.23058,60.501943,3.515063,0.171215,0.130383,3,10,8,5,3,10,8,5,3,8,8,5,3,10,8,4,0.06661,0.10812,0.22994,0.233,1,1,12:12:2023,23:32:36,752,-5.8415,-35.1995,40.0,lev20,Almucantar,Natal,245,245.761771,0.130383,0.103145,0.081228,0.069924,0.671846,61.23058,60.501943,3.515063,0.171215,0.130383,3,10,8,5,3,10,8,5,3,8,8,5,3,10,8,4,0.06661,0.10812,0.22994,0.233,1,1,12:12:2023,23:32:36,752,-5.8415,-35.1995,40.0,lev20,Almucantar,Natal,245,245.761771,,,,,,,,,61.23058,60.501943,3.515063,0.171215,0.130383,3,10,8,5,3,10,8,5,3,8,8,5,3,10,8,4,0.06661,0.10812,0.22994,0.233,1,1,12:12:2023,23:32:36,752,-5.8415,-35.1995,40.0,lev20,Almucantar,Natal,245,245.761771,,,,,61.23058,60.501943,3.515063,0.171215,0.130383,3,10,8,5,3,10,8,5,3,8,8,5,3,10,8,4,0.06661,0.10812,0.22994,0.233,1,1,12:12:2023,23:32:36,752,-5.8415,-35.1995,40.0,lev20,Almucantar,Natal,245,245.761771,,,,,,61.23058,60.501943,3.515063,0.171215,0.130383,3,10,8,5,3,10,8,5,3,8,8,5,3,10,8,4,0.06661,0.10812,0.22994,0.233,1,1,12:12:2023,23:32:36,752,-5.8415,-35.1995,40.0,lev20,Almucantar,0.7257497029552944,0.12003118419912498,0.6484538385820912,Unclassified,Maritime,,Unknown
02:09:2017,19:00:15,Natal,245,245.79184,0.1234,0.0958,0.0775,0.0689,0.0826,0.0513,0.0296,0.0202,0.0408,0.0445,0.0479,0.0487,0.665964,71.782947,71.050194,3.34244,0.070397,0.122508,4,10,7,6,4,10,7,6,4,10,7,6,4,10,7,6,0.08506,0.12958,0.26316,0.26242,1,1,12:12:2023,23:34:25,752,-5.8415,-35.1995,40.0,lev20,Almucantar,Natal,245,245.79184,0.122508,0.095947,0.077701,0.068157,0.651035,71.782947,71.050194,3.34244,0.070397,0.122508,4,10,7,6,4,10,7,6,4,10,7,6,4,10,7,6,0.08506,0.12958,0.26316,0.26242,1,1,12:12:2023,23:34:25,752,-5.8415,-35.1995,40.0,lev20,Almucantar,Natal,245,245.79184,,,,,,,,,71.782947,71.050194,3.34244,0.070397,0.122508,4,10,7,6,4,10,7,6,4,10,7,6,4,10,7,6,0.08506,0.12958,0.26316,0.26242,1,1,12:12:2023,23:34:25,752,-5.8415,-35.1995,40.0,lev20,Almucantar,Natal,245,245.79184,,,,,71.782947,71.050194,3.34244,0.070397,0.122508,4,10,7,6,4,10,7,6,4,10,7,6,4,10,7,6,0.08506,0.12958,0.26316,0.26242,1,1,12:12:2023,23:34:25,752,-5.8415,-35.1995,40.0,lev20,Almucantar,Natal,245,245.79184,,,,,,71.782947,71.050194,3.34244,0.070397,0.122508,4,10,7,6,4,10,7,6,4,10,7,6,4,10,7,6,0.08506,0.12958,0.26316,0.26242,1,1,12:12:2023,23:34:25,752,-5.8415,-35.1995,40.0,lev20,Almucantar,0.682324427937288,0.11309263700696325,0.6096800952736653,Unclassified,Maritime,,Unknown
02:09:2017,19:23:23,Natal,245,245.807905,0.1217,0.0932,0.0757,0.068,0.0784,0.0454,0.0244,0.0165,0.0433,0.0479,0.0513,0.0515,0.681797,77.434666,76.701951,3.122874,0.042852,0.121174,4,10,7,6,4,10,7,6,4,10,7,6,4,10,7,6,0.10168,0.14872,0.29212,0.28796,1,1,12:12:2023,23:36:06,752,-5.8415,-35.1995,40.0,lev20,Almucantar,Natal,245,245.807905,0.121174,0.092803,0.075714,0.067227,0.675923,77.434666,76.701951,3.122874,0.042852,0.121174,4,10,7,6,4,10,7,6,4,10,7,6,4,10,7,6,0.10168,0.14872,0.29212,0.28796,1,1,12:12:2023,23:36:06,752,-5.8415,-35.1995,40.0,lev20,Almucantar,Natal,245,245.807905,,,,,,,,,77.434666,76.701951,3.122874,0.042852,0.121174,4,10,7,6,4,10,7,6,4,10,7,6,4,10,7,6,0.10168,0.14872,0.29212,0.28796,1,1,12:12:2023,23:36:06,752,-5.8415,-35.1995,40.0,lev20,Almucantar,Natal,245,245.807905,,,,,77.434666,76.701951,3.122874,0.042852,0.121174,4,10,7,6,4,10,7,6,4,10,7,6,4,10,7,6,0.10168,0.14872,0.29212,0.28796,1,1,12:12:2023,23:36:06,752,-5.8415,-35.1995,40.0,lev20,Almucantar,Natal,245,245.807905,,,,,,77.434666,76.701951,3.122874,0.042852,0.121174,4,10,7,6,4,10,7,6,4,10,7,6,4,10,7,6,0.10168,0.14872,0.29212,0.28796,1,1,12:12:2023,23:36:06,752,-5.8415,-35.1995,40.0,lev20,Almucantar,0.6964470674925527,0.11133345791196787,0.5691804337107895,MA,Maritime,,Unknown
03:09:2017,17:51:59,Natal,246,246.744433,0.1016,0.0913,0.0858,0.0827,0.0404,0.0228,0.0138,0.0103,0.0613,0.0685,0.072,0.0724,0.245627,55.18074,54.454877,3.681652,0.444262,0.098749,4,10,8,4,4,10,8,4,4,10,8,4,4,10,8,4,0.06031,0.10073,0.21817,0.22267,1,1,12:12:2023,23:37:56,752,-5.8415,-35.1995,40.0,lev20,Almucantar,Natal,246,246.744433,0.098749,0.097993,0.084639,0.07837,0.202161,55.18074,54.454877,3.681652,0.444262,0.098749,4,10,8,4,4,10,8,4,4,10,8,4,4,10,8,4,0.06031,0.10073,0.21817,0.22267,1,1,12:12:2023,23:37:56,752,-5.8415,-35.1995,40.0,lev20,Almucantar,Natal,246,246.744433,,,,,,,,,55.18074,54.454877,3.681652,0.444262,0.098749,4,10,8,4,4,10,8,4,4,10,8,4,4,10,8,4,0.06031,0.10073,0.21817,0.22267,1,1,12:12:2023,23:37:56,752,-5.8415,-35.1995,40.0,lev20,Almucantar,Natal,246,246.744433,,,,,55.18074,54.454877,3.681652,0.444262,0.098749,4,10,8,4,4,10,8,4,4,10,8,4,4,10,8,4,0.06031,0.10073,0.21817,0.22267,1,1,12:12:2023,23:37:56,752,-5.8415,-35.1995,40.0,lev20,Almucantar,Natal,246,246.744433,,,,,,55.18074,54.454877,3.681652,0.444262,0.098749,4,10,8,4,4,10,8,4,4,10,8,4,4,10,8,4,0.06031,0.10073,0.21817,0.22267,1,1,12:12:2023,23:37:56,752,-5.8415,-35.1995,40.0,lev20,Almucantar,0.24793889623785212,0.09843029868321099,0.31689106609516854,CA,Unclassified,,Unknown
03:09:2017,19:00:08,Natal,246,246.791759,0.0721,0.0716,0.066,0.0624,0.0277,0.0218,0.0134,0.0101,0.0444,0.0498,0.0526,0.0523,0.116527,71.779138,71.045508,2.336887,0.114901,0.071219,4,10,7,6,4,10,7,6,4,10,7,5,4,10,7,5,0.08476,0.1293,0.26288,0.26214,1,1,12:12:2023,23:23:47,752,-5.8415,-35.1995,40.0,lev20,Almucantar,Natal,246,246.791759,0.071219,0.072804,0.065105,0.061468,0.111241,71.779138,71.045508,2.336887,0.114901,0.071219,4,10,7,6,4,10,7,6,4,10,7,5,4,10,7,5,0.08476,0.1293,0.26288,0.26214,1,1,12:12:2023,23:23:47,752,-5.8415,-35.1995,40.0,lev20,Almucantar,Natal,246,246.791759,,,,,,,,,71.779138,71.045508,2.336887,0.114901,0.071219,4,10,7,6,4,10,7,6,4,10,7,5,4,10,7,5,0.08476,0.1293,0.26288,0.26214,1,1,12:12:2023,23:23:47,752,-5.8415,-35.1995,40.0,lev20,Almucantar,Natal,246,246.791759,,,,,71.779138,71.045508,2.336887,0.114901,0.071219,4,10,7,6,4,10,7,6,4,10,7,5,4,10,7,5,0.08476,0.1293,0.26288,0.26214,1,1,12:12:2023,23:23:47,752,-5.8415,-35.1995,40.0,lev20,Almucantar,Natal,246,246.791759,,,,,,71.779138,71.045508,2.336887,0.114901,0.071219,4,10,7,6,4,10,7,6,4,10,7,5,4,10,7,5,0.08476,0.1293,0.26288,0.26214,1,1,12:12:2023,23:23:47,752,-5.8415,-35.1995,40.0,lev20,Almucantar,0.12967127083061153,0.07091469873996835,0.34494519670016427,CA,Unclassified,,Unknown
03:09:2017,19:23:20,Natal,246,246.80787,0.0717,0.0702,0.0655,0.0628,0.0225,0.0153,0.0085,0.006,0.0493,0.0549,0.057,0.0568,0.122637,77.453462,76.719977,4.40849,0.087143,0.069772,4,10,7,6,4,10,7,6,4,9,5,6,3,10,7,5,0.10127,0.14837,0.29171,0.2877,1,1,12:12:2023,23:25:39,752,-5.8415,-35.1995,40.0,lev20,Almucantar,Natal,246,246.80787,0.069772,0.07031,0.064502,0.061773,0.10015,77.453462,76.719977,4.40849,0.087143,0.069772,4,10,7,6,4,10,7,6,4,9,5,6,3,10,7,5,0.10127,0.14837,0.29171,0.2877,1,1,12:12:2023,23:25:39,752,-5.8415,-35.1995,40.0,lev20,Almucantar,Natal,246,246.80787,,,,,,,,,77.453462,76.719977,4.40849,0.087143,0.069772,4,10,7,6,4,10,7,6,4,9,5,6,3,10,7,5,0.10127,0.14837,0.29171,0.2877,1,1,12:12:2023,23:25:39,752,-5.8415,-35.1995,40.0,lev20,Almucantar,Natal,246,246.80787,,,,,77.453462,76.719977,4.40849,0.087143,0.069772,4,10,7,6,4,10,7,6,4,9,5,6,3,10,7,5,0.10127,0.14837,0.29171,0.2877,1,1,12:12:2023,23:25:39,752,-5.8415,-35.1995,40.0,lev20,Almucantar,Natal,246,246.80787,,,,,,77.453462,76.719977,4.40849,0.087143,0.069772,4,10,7,6,4,10,7,6,4,9,5,6,3,10,7,5,0.10127,0.14837,0.29171,0.2877,1,1,12:12:2023,23:25:39,752,-5.8415,-35.1995,40.0,lev20,Almucantar,0.13266561929789739,0.07049428581101502,0.26463278925445033,CA,Unclassified,,Unknown
19:09:2017,17:51:04,Natal,262,262.743796,0.0927,0.089,0.085,0.0828,0.0299,0.018,0.0105,0.0081,0.0628,0.071,0.0745,0.0747,0.122577,55.25731,54.515321,4.077796,0.207804,0.09177,4,10,8,4,4,10,8,4,2,9,6,4,4,9,6,4,0.06189,0.10287,0.21681,0.22224,1,1,12:12:2023,23:23:37,752,-5.8415,-35.1995,40.0,lev20,Almucantar,Natal,262,262.743796,0.09177,0.087804,0.088521,0.080769,0.057598,55.25731,54.515321,4.077796,0.207804,0.09177,4,10,8,4,4,10,8,4,2,9,6,4,4,9,6,4,0.06189,0.10287,0.21681,0.22224,1,1,12:12:2023,23:23:37,752,-5.8415,-35.1995,40.0,lev20,Almucantar,Natal,262,262.743796,,,,,,,,,55.25731,54.515321,4.077796,0.207804,0.09177,4,10,8,4,4,10,8,4,2,9,6,4,4,9,6,4,0.06189,0.10287,0.21681,0.22224,1,1,12:12:2023,23:23:37,752,-5.8415,-35.1995,40.0,lev20,Almucantar,Natal,262,262.743796,,,,,55.25731,54.515321,4.077796,0.207804,0.09177,4,10,8,4,4,10,8,4,2,9,6,4,4,9,6,4,0.06189,0.10287,0.21681,0.22224,1,1,12:12:2023,23:23:37,752,-5.8415,-35.1995,40.0,lev20,Almucantar,Natal,262,262.743796,,,,,,55.25731,54.515321,4.077796,0.207804,0.09177,4,10,8,4,4,10,8,4,2,9,6,4,4,9,6,4,0.06189,0.10287,0.21681,0.22224,1,1,12:12:2023,23:23:37,752,-5.8415,-35.1995,40.0,lev20,Almucantar,0.1272038503034486,0.09120480440010645,0.2552302063384387,CA,Unclassified,,Unknown
19:09:2017,18:15:25,Natal,262,262.760706,0.094,0.0922,0.0886,0.0854,0.0283,0.0182,0.0111,0.0078,0.0656,0.0739,0.0775,0.0776,0.081567,61.284154,60.541284,3.184377,0.165556,0.093154,3,10,8,5,3,10,8,5,3,10,8,4,3,10,8,5,0.0678,0.10983,0.22786,0.23191,1,1,12:12:2023,23:25:22,752,-5.8415,-35.1995,40.0,lev20,Almucantar,Natal,262,262.760706,0.093154,0.090081,0.090941,0.084118,0.03942,61.284154,60.541284,3.184377,0.165556,0.093154,3,10,8,5,3,10,8,5,3,10,8,4,3,10,8,5,0.0678,0.10983,0.22786,0.23191,1,1,12:12:2023,23:25:22,752,-5.8415,-35.1995,40.0,lev20,Almucantar,Natal,262,262.760706,,,,,,,,,61.284154,60.541284,3.184377,0.165556,0.093154,3,10,8,5,3,10,8,5,3,10,8,4,3,10,8,5,0.0678,0.10983,0.22786,0.23191,1,1,12:12:2023,23:25:22,752,-5.8415,-35.1995,40.0,lev20,Almucantar,Natal,262,262.760706,,,,,61.284154,60.541284,3.184377,0.165556,0.093154,3,10,8,5,3,10,8,5,3,10,8,4,3,10,8,5,0.0678,0.10983,0.22786,0.23191,1,1,12:12:2023,23:25:22,752,-5.8415,-35.1995,40.0,lev20,Almucantar,Natal,262,262.760706,,,,,,61.284154,60.541284,3.184377,0.165556,0.093154,3,10,8,5,3,10,8,5,3,10,8,4,3,10,8,5,0.0678,0.10983,0.22786,0.23191,1,1,12:12:2023,23:25:22,752,-5.8415,-35.1995,40.0,lev20,Almucantar,0.0867849794066416,0.09296292574381065,0.24753663827434452,CA,Unclassified,,Unknown
30:09:2017,17:49:11,Natal,273,273.742488,0.1908,0.1246,0.0975,0.0846,0.1432,0.0716,0.0407,0.0267,0.0477,0.053,0.0568,0.0579,0.976015,55.247339,54.501775,3.952672,0.197182,0.189653,4,10,8,4,4,10,8,4,4,10,8,4,4,10,8,4,0.06479,0.10759,0.21788,0.22434,1,1,12:12:2023,23:28:57,752,-5.8415,-35.1995,40.0,lev20,Almucantar,Natal,273,273.742488,0.189653,0.12514,0.100488,0.082278,0.926443,55.247339,54.501775,3.952672,0.197182,0.189653,4,10,8,4,4,10,8,4,4,10,8,4,4,10,8,4,0.06479,0.10759,0.21788,0.22434,1,1,12:12:2023,23:28:57,752,-5.8415,-35.1995,40.0,lev20,Almucantar,Natal,273,273.742488,,,,,,,,,55.247339,54.501775,3.952672,0.197182,0.189653,4,10,8,4,4,10,8,4,4,10,8,4,4,10,8,4,0.06479,0.10759,0.21788,0.22434,1,1,12:12:2023,23:28:57,752,-5.8415,-35.1995,40.0,lev20,Almucantar,Natal,273,273.742488,,,,,55.247339,54.501775,3.952672,0.197182,0.189653,4,10,8,4,4,10,8,4,4,10,8,4,4,10,8,4,0.06479,0.10759,0.21788,0.22434,1,1,12:12:2023,23:28:57,752,-5.8415,-35.1995,40.0,lev20,Almucantar,Natal,273,273.742488,,,,,,55.247339,54.501775,3.952672,0.197182,0.189653,4,10,8,4,4,10,8,4,4,10,8,4,4,10,8,4,0.06479,0.10759,0.21788,0.22434,1,1,12:12:2023,23:28:57,752,-5.8415,-35.1995,40.0,lev20,Almucantar,0.9848249622717223,0.16823002910527757,0.6702759241055679,Unclassified,Maritime,,Unknown
30:09:2017,18:13:29,Natal,273,273.759363,0.1811,0.1194,0.0917,0.0801,0.1366,0.0702,0.0387,0.0262,0.0446,0.0493,0.053,0.0539,0.985577,61.285436,60.54012,3.937944,0.230652,0.180996,3,10,8,5,3,10,8,5,3,10,8,5,3,10,8,5,0.07113,0.11519,0.22934,0.23447,1,1,12:12:2023,23:30:46,752,-5.8415,-35.1995,40.0,lev20,Almucantar,Natal,273,273.759363,0.180996,0.118792,0.094342,0.076915,0.949033,61.285436,60.54012,3.937944,0.230652,0.180996,3,10,8,5,3,10,8,5,3,10,8,5,3,10,8,5,0.07113,0.11519,0.22934,0.23447,1,1,12:12:2023,23:30:46,752,-5.8415,-35.1995,40.0,lev20,Almucantar,Natal,273,273.759363,,,,,,,,,61.285436,60.54012,3.937944,0.230652,0.180996,3,10,8,5,3,10,8,5,3,10,8,5,3,10,8,5,0.07113,0.11519,0.22934,0.23447,1,1,12:12:2023,23:30:46,752,-5.8415,-35.1995,40.0,lev20,Almucantar,Natal,273,273.759363,,,,,61.285436,60.54012,3.937944,0.230652,0.180996,3,10,8,5,3,10,8,5,3,10,8,5,3,10,8,5,0.07113,0.11519,0.22934,0.23447,1,1,12:12:2023,23:30:46,752,-5.8415,-35.1995,40.0,lev20,Almucantar,Natal,273,273.759363,,,,,,61.285436,60.54012,3.937944,0.230652,0.180996,3,10,8,5,3,10,8,5,3,10,8,5,3,10,8,5,0.07113,0.11519,0.22934,0.23447,1,1,12:12:2023,23:30:46,752,-5.8415,-35.1995,40.0,lev20,Almucantar,0.9982522124072448,0.15940361086598048,0.6769303499042808,Unclassified,Maritime,,Unknown
30:09:2017,18:55:47,Natal,273,273.788738,0.1637,0.1113,0.0885,0.0779,0.1165,0.059,0.0325,0.0211,0.0472,0.0523,0.056,0.0568,0.892999,71.78642,71.042319,3.544021,0.118983,0.163455,4,10,7,6,4,10,7,6,4,10,7,6,4,10,7,6,0.08976,0.13731,0.26168,0.26327,1,1,12:12:2023,23:32:34,752,-5.8415,-35.1995,40.0,lev20,Almucantar,Natal,273,273.788738,0.163455,0.110738,0.090096,0.076587,0.868703,71.78642,71.042319,3.544021,0.118983,0.163455,4,10,7,6,4,10,7,6,4,10,7,6,4,10,7,6,0.08976,0.13731,0.26168,0.26327,1,1,12:12:2023,23:32:34,752,-5.8415,-35.1995,40.0,lev20,Almucantar,Natal,273,273.788738,,,,,,,,,71.78642,71.042319,3.544021,0.118983,0.163455,4,10,7,6,4,10,7,6,4,10,7,6,4,10,7,6,0.08976,0.13731,0.26168,0.26327,1,1,12:12:2023,23:32:34,752,-5.8415,-35.1995,40.0,lev20,Almucantar,Natal,273,273.788738,,,,,71.78642,71.042319,3.544021,0.118983,0.163455,4,10,7,6,4,10,7,6,4,10,7,6,4,10,7,6,0.08976,0.13731,0.26168,0.26327,1,1,12:12:2023,23:32:34,752,-5.8415,-35.1995,40.0,lev20,Almucantar,Natal,273,273.788738,,,,,,71.78642,71.042319,3.544021,0.118983,0.163455,4,10,7,6,4,10,7,6,4,10,7,6,4,10,7,6,0.08976,0.13731,0.26168,0.26327,1,1,12:12:2023,23:32:34,752,-5.8415,-35.1995,40.0,lev20,Almucantar,0.9021802197443569,0.14586867712256774,0.6273358591881766,Unclassified,Maritime,,Unknown
01:10:2017,18:13:15,Natal,274,274.759201,0.1687,0.1098,0.0846,0.0749,0.1248,0.0613,0.0325,0.0219,0.0439,0.0485,0.0521,0.053,1.00127,61.274688,60.529422,4.592578,0.227725,0.168086,3,10,8,5,3,10,8,5,3,10,8,5,3,10,8,5,0.07125,0.11531,0.22942,0.23457,1,1,12:12:2023,23:35:31,752,-5.8415,-35.1995,40.0,lev20,Almucantar,Natal,274,274.759201,0.168086,0.110008,0.088236,0.072741,0.940513,61.274688,60.529422,4.592578,0.227725,0.168086,3,10,8,5,3,10,8,5,3,10,8,5,3,10,8,5,0.07125,0.11531,0.22942,0.23457,1,1,12:12:2023,23:35:31,752,-5.8415,-35.1995,40.0,lev20,Almucantar,Natal,274,274.759201,,,,,,,,,61.274688,60.529422,4.592578,0.227725,0.168086,3,10,8,5,3,10,8,5,3,10,8,5,3,10,8,5,0.07125,0.11531,0.22942,0.23457,1,1,12:12:2023,23:35:31,752,-5.8415,-35.1995,40.0,lev20,Almucantar,Natal,274,274.759201,,,,,61.274688,60.529422,4.592578,0.227725,0.168086,3,10,8,5,3,10,8,5,3,10,8,5,3,10,8,5,0.07125,0.11531,0.22942,0.23457,1,1,12:12:2023,23:35:31,752,-5.8415,-35.1995,40.0,lev20,Almucantar,Natal,274,274.759201,,,,,,61.274688,60.529422,4.592578,0.227725,0.168086,3,10,8,5,3,10,8,5,3,10,8,5,3,10,8,5,0.07125,0.11531,0.22942,0.23457,1,1,12:12:2023,23:35:31,752,-5.8415,-35.1995,40.0,lev20,Almucantar,1.0124233659392385,0.14822042105883243,0.6531596089235038,Unclassified,Maritime,,Unknown
07:10:2017,18:12:03,Natal,280,280.758368,0.1159,0.0832,0.0678,0.0605,0.0848,0.0493,0.0317,0.0236,0.0311,0.034,0.0361,0.0369,0.777304,61.261393,60.517362,4.278281,0.217449,0.116745,3,10,8,5,3,10,8,5,3,10,8,5,3,9,8,3,0.07142,0.11547,0.22958,0.23472,1,1,12:12:2023,23:23:42,752,-5.8415,-35.1995,40.0,lev20,Almucantar,Natal,280,280.758368,0.116745,0.082655,0.06921,0.056207,0.763377,61.261393,60.517362,4.278281,0.217449,0.116745,3,10,8,5,3,10,8,5,3,10,8,5,3,9,8,3,0.07142,0.11547,0.22958,0.23472,1,1,12:12:2023,23:23:42,752,-5.8415,-35.1995,40.0,lev20,Almucantar,Natal,280,280.758368,,,,,,,,,61.261393,60.517362,4.278281,0.217449,0.116745,3,10,8,5,3,10,8,5,3,10,8,5,3,9,8,3,0.07142,0.11547,0.22958,0.23472,1,1,12:12:2023,23:23:42,752,-5.8415,-35.1995,40.0,lev20,Almucantar,Natal,280,280.758368,,,,,61.261393,60.517362,4.278281,0.217449,0.116745,3,10,8,5,3,10,8,5,3,10,8,5,3,9,8,3,0.07142,0.11547,0.22958,0.23472,1,1,12:12:2023,23:23:42,752,-5.8415,-35.1995,40.0,lev20,Almucantar,Natal,280,280.758368,,,,,,61.261393,60.517362,4.278281,0.217449,0.116745,3,10,8,5,3,10,8,5,3,10,8,5,3,9,8,3,0.07142,0.11547,0.22958,0.23472,1,1,12:12:2023,23:23:42,752,-5.8415,-35.1995,40.0,lev20,Almucantar,0.7864911505322263,0.10481406122809447,0.6655623022526578,Unclassified,Maritime,,Unknown
12:10:2017,18:11:06,Natal,285,285.757708,0.0693,0.0537,0.0456,0.0417,0.0456,0.0277,0.0181,0.0135,0.0237,0.0259,0.0275,0.0281,0.605864,61.255128,60.513293,4.828846,0.196749,0.068707,3,10,8,5,3,10,8,5,3,10,8,5,3,9,6,5,0.07345,0.11817,0.23197,0.23748,1,1,12:12:2023,23:34:48,752,-5.8415,-35.1995,40.0,lev20,Almucantar,Natal,285,285.757708,0.068707,0.053469,0.049365,0.040881,0.490591,61.255128,60.513293,4.828846,0.196749,0.068707,3,10,8,5,3,10,8,5,3,10,8,5,3,9,6,5,0.07345,0.11817,0.23197,0.23748,1,1,12:12:2023,23:34:48,752,-5.8415,-35.1995,40.0,lev20,Almucantar,Natal,285,285.757708,,,,,,,,,61.255128,60.513293,4.828846,0.196749,0.068707,3,10,8,5,3,10,8,5,3,10,8,5,3,9,6,5,0.07345,0.11817,0.23197,0.23748,1,1,12:12:2023,23:34:48,752,-5.8415,-35.1995,40.0,lev20,Almucantar,Natal,285,285.757708,,,,,61.255128,60.513293,4.828846,0.196749,0.068707,3,10,8,5,3,10,8,5,3,10,8,5,3,9,6,5,0.07345,0.11817,0.23197,0.23748,1,1,12:12:2023,23:34:48,752,-5.8415,-35.1995,40.0,lev20,Almucantar,Natal,285,285.757708,,,,,,61.255128,60.513293,4.828846,0.196749,0.068707,3,10,8,5,3,10,8,5,3,10,8,5,3,9,6,5,0.07345,0.11817,0.23197,0.23748,1,1,12:12:2023,23:34:48,752,-5.8415,-35.1995,40.0,lev20,Almucantar,0.6139443172608124,0.06406910934029841,0.5897415169109086,MA,Maritime,,Unknown
12:10:2017,18:53:34,Natal,285,285.787199,0.0674,0.0531,0.0469,0.0438,0.0378,0.0203,0.0126,0.009,0.0296,0.0328,0.0344,0.0348,0.529199,71.743485,71.003499,4.137047,0.136616,0.066939,4,10,7,6,4,10,7,5,4,10,7,6,4,10,7,6,0.09353,0.14189,0.26625,0.26833,1,1,12:12:2023,23:36:25,752,-5.8415,-35.1995,40.0,lev20,Almucantar,Natal,285,285.787199,0.066939,0.053107,0.048658,0.042286,0.470769,71.743485,71.003499,4.137047,0.136616,0.066939,4,10,7,6,4,10,7,5,4,10,7,6,4,10,7,6,0.09353,0.14189,0.26625,0.26833,1,1,12:12:2023,23:36:25,752,-5.8415,-35.1995,40.0,lev20,Almucantar,Natal,285,285.787199,,,,,,,,,71.743485,71.003499,4.137047,0.136616,0.066939,4,10,7,6,4,10,7,5,4,10,7,6,4,10,7,6,0.09353,0.14189,0.26625,0.26833,1,1,12:12:2023,23:36:25,752,-5.8415,-35.1995,40.0,lev20,Almucantar,Natal,285,285.787199,,,,,71.743485,71.003499,4.137047,0.136616,0.066939,4,10,7,6,4,10,7,5,4,10,7,6,4,10,7,6,0.09353,0.14189,0.26625,0.26833,1,1,12:12:2023,23:36:25,752,-5.8415,-35.1995,40.0,lev20,Almucantar,Natal,285,285.787199,,,,,,71.743485,71.003499,4.137047,0.136616,0.066939,4,10,7,6,4,10,7,5,4,10,7,6,4,10,7,6,0.09353,0.14189,0.26625,0.26833,1,1,12:12:2023,23:36:25,752,-5.8415,-35.1995,40.0,lev20,Almucantar,0.5319312158687994,0.06296924654841739,0.4696020438579743,Unclassified,Maritime,,Unknown
10:11:2017,18:52:16,Natal,314,314.786296,0.0607,0.0536,0.0494,0.0472,0.0274,0.017,0.0111,0.0084,0.0333,0.0366,0.0383,0.0388,0.297916,71.658212,70.944216,4.077187,0.093298,0.060545,4,10,7,6,4,10,7,6,4,8,7,5,4,5,6,3,0.09765,0.1488,0.27478,0.27638,1,1,12:12:2023,14:26:46,752,-5.8415,-35.1995,40.0,lev20,Almucantar,Natal,314,314.786296,0.060545,0.052481,0.050808,0.046433,0.262624,71.658212,70.944216,4.077187,0.093298,0.060545,4,10,7,6,4,10,7,6,4,8,7,5,4,5,6,3,0.09765,0.1488,0.27478,0.27638,1,1,12:12:2023,14:26:46,752,-5.8415,-35.1995,40.0,lev20,Almucantar,Natal,314,314.786296,,,,,,,,,71.658212,70.944216,4.077187,0.093298,0.060545,4,10,7,6,4,10,7,6,4,8,7,5,4,5,6,3,0.09765,0.1488,0.27478,0.27638,1,1,12:12:2023,14:26:46,752,-5.8415,-35.1995,40.0,lev20,Almucantar,Natal,314,314.786296,,,,,71.658212,70.944216,4.077187,0.093298,0.060545,4,10,7,6,4,10,7,6,4,8,7,5,4,5,6,3,0.09765,0.1488,0.27478,0.27638,1,1,12:12:2023,14:26:46,752,-5.8415,-35.1995,40.0,lev20,Almucantar,Natal,314,314.786296,,,,,,71.658212,70.944216,4.077187,0.093298,0.060545,4,10,7,6,4,10,7,6,4,8,7,5,4,5,6,3,0.09765,0.1488,0.27478,0.27638,1,1,12:12:2023,14:26:46,752,-5.8415,-35.1995,40.0,lev20,Almucantar,0.3021676520202477,0.05840004079313241,0.3820971030590536,CA,Unclassified,,Unknown
29:11:2017,19:20:18,Natal,333,333.805764,0.1133,0.0922,0.0835,0.0791,0.0565,0.0289,0.0174,0.0124,0.0568,0.0634,0.0661,0.0667,0.446694,77.118688,76.425145,4.813546,0.083498,0.113506,4,9,7,6,4,6,6,4,4,5,7,5,4,10,6,6,0.11644,0.17093,0.308,0.3073,1,1,12:12:2023,14:24:00,752,-5.8415,-35.1995,40.0,lev20,Almucantar,Natal,333,333.805764,0.113506,0.090378,0.08422,0.078461,0.443214,77.118688,76.425145,4.813546,0.083498,0.113506,4,9,7,6,4,6,6,4,4,5,7,5,4,10,6,6,0.11644,0.17093,0.308,0.3073,1,1,12:12:2023,14:24:00,752,-5.8415,-35.1995,40.0,lev20,Almucantar,Natal,333,333.805764,,,,,,,,,77.118688,76.425145,4.813546,0.083498,0.113506,4,9,7,6,4,6,6,4,4,5,7,5,4,10,6,6,0.11644,0.17093,0.308,0.3073,1,1,12:12:2023,14:24:00,752,-5.8415,-35.1995,40.0,lev20,Almucantar,Natal,333,333.805764,,,,,77.118688,76.425145,4.813546,0.083498,0.113506,4,9,7,6,4,6,6,4,4,5,7,5,4,10,6,6,0.11644,0.17093,0.308,0.3073,1,1,12:12:2023,14:24:00,752,-5.8415,-35.1995,40.0,lev20,Almucantar,Natal,333,333.805764,,,,,,77.118688,76.425145,4.813546,0.083498,0.113506,4,9,7,6,4,6,6,4,4,5,7,5,4,10,6,6,0.11644,0.17093,0.308,0.3073,1,1,12:12:2023,14:24:00,752,-5.8415,-35.1995,40.0,lev20,Almucantar,0.44768118073722796,0.10699804607766752,0.40004872237509365,Unclassified,Unclassified,,Unknown
02:01:2018,17:59:47,Natal,2,2.74985,0.1408,0.1053,0.09,0.0837,0.0881,0.0471,0.0278,0.0203,0.0527,0.0582,0.0622,0.0634,0.652182,55.06316,54.382155,3.466493,0.254889,0.138923,4,10,8,4,4,10,8,4,4,10,8,4,4,10,7,4,0.06865,0.11322,0.22728,0.2329,1,1,12:12:2023,14:18:44,752,-5.8415,-35.1995,40.0,lev20,Almucantar,Natal,2,2.74985,0.138923,0.103251,0.094306,0.081925,0.575561,55.06316,54.382155,3.466493,0.254889,0.138923,4,10,8,4,4,10,8,4,4,10,8,4,4,10,7,4,0.06865,0.11322,0.22728,0.2329,1,1,12:12:2023,14:18:44,752,-5.8415,-35.1995,40.0,lev20,Almucantar,Natal,2,2.74985,,,,,,,,,55.06316,54.382155,3.466493,0.254889,0.138923,4,10,8,4,4,10,8,4,4,10,8,4,4,10,7,4,0.06865,0.11322,0.22728,0.2329,1,1,12:12:2023,14:18:44,752,-5.8415,-35.1995,40.0,lev20,Almucantar,Natal,2,2.74985,,,,,55.06316,54.382155,3.466493,0.254889,0.138923,4,10,8,4,4,10,8,4,4,10,8,4,4,10,7,4,0.06865,0.11322,0.22728,0.2329,1,1,12:12:2023,14:18:44,752,-5.8415,-35.1995,40.0,lev20,Almucantar,Natal,2,2.74985,,,,,,55.06316,54.382155,3.466493,0.254889,0.138923,4,10,8,4,4,10,8,4,4,10,8,4,4,10,7,4,0.06865,0.11322,0.22728,0.2329,1,1,12:12:2023,14:18:44,752,-5.8415,-35.1995,40.0,lev20,Almucantar,0.6564744589062662,0.12946636275473886,0.5344714564358641,MA,Maritime,,Unknown
02:01:2018,18:25:57,Natal,2,2.768021,0.1383,0.1019,0.0885,0.0823,0.0831,0.041,0.0239,0.0165,0.0552,0.0609,0.0646,0.0659,0.654378,61.028394,60.342559,4.356422,0.221877,0.135395,3,10,8,5,3,10,8,5,3,10,8,5,3,10,8,5,0.07561,0.12178,0.24044,0.24491,1,1,12:12:2023,14:20:39,752,-5.8415,-35.1995,40.0,lev20,Almucantar,Natal,2,2.768021,0.135395,0.101811,0.092316,0.080869,0.566998,61.028394,60.342559,4.356422,0.221877,0.135395,3,10,8,5,3,10,8,5,3,10,8,5,3,10,8,5,0.07561,0.12178,0.24044,0.24491,1,1,12:12:2023,14:20:39,752,-5.8415,-35.1995,40.0,lev20,Almucantar,Natal,2,2.768021,,,,,,,,,61.028394,60.342559,4.356422,0.221877,0.135395,3,10,8,5,3,10,8,5,3,10,8,5,3,10,8,5,0.07561,0.12178,0.24044,0.24491,1,1,12:12:2023,14:20:39,752,-5.8415,-35.1995,40.0,lev20,Almucantar,Natal,2,2.768021,,,,,61.028394,60.342559,4.356422,0.221877,0.135395,3,10,8,5,3,10,8,5,3,10,8,5,3,10,8,5,0.07561,0.12178,0.24044,0.24491,1,1,12:12:2023,14:20:39,752,-5.8415,-35.1995,40.0,lev20,Almucantar,Natal,2,2.768021,,,,,,61.028394,60.342559,4.356422,0.221877,0.135395,3,10,8,5,3,10,8,5,3,10,8,5,3,10,8,5,0.07561,0.12178,0.24044,0.24491,1,1,12:12:2023,14:20:39,752,-5.8415,-35.1995,40.0,lev20,Almucantar,0.654849027351074,0.12719402539966307,0.49956946637003236,MA,Maritime,,Unknown
02:01:2018,19:11:51,Natal,2,2.799896,0.1311,0.1004,0.0872,0.0808,0.0775,0.0404,0.024,0.0169,0.0536,0.06,0.0633,0.0639,0.594729,71.554063,70.865181,3.692916,0.121457,0.129672,4,9,7,6,4,10,7,6,4,8,6,6,4,8,5,6,0.09597,0.14655,0.27757,0.27892,1,1,12:12:2023,14:22:36,752,-5.8415,-35.1995,40.0,lev20,Almucantar,Natal,2,2.799896,0.129672,0.098784,0.08888,0.079783,0.556996,71.554063,70.865181,3.692916,0.121457,0.129672,4,9,7,6,4,10,7,6,4,8,6,6,4,8,5,6,0.09597,0.14655,0.27757,0.27892,1,1,12:12:2023,14:22:36,752,-5.8415,-35.1995,40.0,lev20,Almucantar,Natal,2,2.799896,,,,,,,,,71.554063,70.865181,3.692916,0.121457,0.129672,4,9,7,6,4,10,7,6,4,8,6,6,4,8,5,6,0.09597,0.14655,0.27757,0.27892,1,1,12:12:2023,14:22:36,752,-5.8415,-35.1995,40.0,lev20,Almucantar,Natal,2,2.799896,,,,,71.554063,70.865181,3.692916,0.121457,0.129672,4,9,7,6,4,10,7,6,4,8,6,6,4,8,5,6,0.09597,0.14655,0.27757,0.27892,1,1,12:12:2023,14:22:36,752,-5.8415,-35.1995,40.0,lev20,Almucantar,Natal,2,2.799896,,,,,,71.554063,70.865181,3.692916,0.121457,0.129672,4,9,7,6,4,10,7,6,4,8,6,6,4,8,5,6,0.09597,0.14655,0.27757,0.27892,1,1,12:12:2023,14:22:36,752,-5.8415,-35.1995,40.0,lev20,Almucantar,0.5981296810697944,0.12144961155374961,0.4944167697213329,Unclassified,Maritime,,Unknown
02:01:2018,19:38:26,Natal,2,2.818356,0.1282,0.0986,0.0863,0.0799,0.0734,0.0373,0.022,0.0152,0.0548,0.0613,0.0643,0.0647,0.578106,77.651822,76.96479,3.670664,0.083693,0.126319,4,10,7,6,3,10,7,6,4,10,6,6,4,10,7,5,0.11615,0.17069,0.31294,0.31065,1,1,12:12:2023,14:24:32,752,-5.8415,-35.1995,40.0,lev20,Almucantar,Natal,2,2.818356,0.126319,0.097606,0.087339,0.079094,0.542222,77.651822,76.96479,3.670664,0.083693,0.126319,4,10,7,6,3,10,7,6,4,10,6,6,4,10,7,5,0.11615,0.17069,0.31294,0.31065,1,1,12:12:2023,14:24:32,752,-5.8415,-35.1995,40.0,lev20,Almucantar,Natal,2,2.818356,,,,,,,,,77.651822,76.96479,3.670664,0.083693,0.126319,4,10,7,6,3,10,7,6,4,10,6,6,4,10,7,5,0.11615,0.17069,0.31294,0.31065,1,1,12:12:2023,14:24:32,752,-5.8415,-35.1995,40.0,lev20,Almucantar,Natal,2,2.818356,,,,,77.651822,76.96479,3.670664,0.083693,0.126319,4,10,7,6,3,10,7,6,4,10,6,6,4,10,7,5,0.11615,0.17069,0.31294,0.31065,1,1,12:12:2023,14:24:32,752,-5.8415,-35.1995,40.0,lev20,Almucantar,Natal,2,2.818356,,,,,,77.651822,76.96479,3.670664,0.083693,0.126319,4,10,7,6,3,10,7,6,4,10,6,6,4,10,7,5,0.11615,0.17069,0.31294,0.31065,1,1,12:12:2023,14:24:32,752,-5.8415,-35.1995,40.0,lev20,Almucantar,0.580535742037656,0.11903049291854789,0.47241032898583285,Unclassified,Maritime,,Unknown
07:01:2018,19:37:12,Natal,7,7.8175,0.0621,0.0493,0.0431,0.0394,0.0372,0.0212,0.0137,0.0098,0.025,0.0281,0.0294,0.0297,0.530706,76.867875,76.177557,4.081509,0.099578,0.061422,4,9,7,6,4,5,6,6,4,8,6,5,4,10,4,4,0.11704,0.17095,0.31138,0.31012,1,1,12:12:2023,14:18:10,752,-5.8415,-35.1995,40.0,lev20,Almucantar,Natal,7,7.8175,0.061422,0.048039,0.044596,0.038911,0.47576,76.867875,76.177557,4.081509,0.099578,0.061422,4,9,7,6,4,5,6,6,4,8,6,5,4,10,4,4,0.11704,0.17095,0.31138,0.31012,1,1,12:12:2023,14:18:10,752,-5.8415,-35.1995,40.0,lev20,Almucantar,Natal,7,7.8175,,,,,,,,,76.867875,76.177557,4.081509,0.099578,0.061422,4,9,7,6,4,5,6,6,4,8,6,5,4,10,4,4,0.11704,0.17095,0.31138,0.31012,1,1,12:12:2023,14:18:10,752,-5.8415,-35.1995,40.0,lev20,Almucantar,Natal,7,7.8175,,,,,76.867875,76.177557,4.081509,0.099578,0.061422,4,9,7,6,4,5,6,6,4,8,6,5,4,10,4,4,0.11704,0.17095,0.31138,0.31012,1,1,12:12:2023,14:18:10,752,-5.8415,-35.1995,40.0,lev20,Almucantar,Natal,7,7.8175,,,,,,76.867875,76.177557,4.081509,0.099578,0.061422,4,9,7,6,4,5,6,6,4,8,6,5,4,10,4,4,0.11704,0.17095,0.31138,0.31012,1,1,12:12:2023,14:18:10,752,-5.8415,-35.1995,40.0,lev20,Almucantar,0.5357387250119721,0.0579894270375297,0.5149078062859619,Unclassified,Maritime,,Unknown
